restaurant,item,calories,cal_fat,total_fat,sat_fat,trans_fat,cholesterol,sodium,total_carb,fiber,sugar,protein,vit_a,vit_c,calcium,protein_efficiency
Mcdonalds,Artisan Grilled Chicken Sandwich,380.0,60.0,7.0,2.0,0.0,95.0,1110.0,44.0,3.0,11.0,37.0,4.0,20.0,20.0,9.736842105263158
Mcdonalds,Single Bacon Smokehouse Burger,840.0,410.0,45.0,17.0,1.5,130.0,1580.0,62.0,2.0,18.0,46.0,6.0,20.0,20.0,5.476190476190476
Mcdonalds,Double Bacon Smokehouse Burger,1130.0,600.0,67.0,27.0,3.0,220.0,1920.0,63.0,3.0,18.0,70.0,10.0,20.0,50.0,6.1946902654867255
Mcdonalds,Grilled Bacon Smokehouse Chicken Sandwich,750.0,280.0,31.0,10.0,0.5,155.0,1940.0,62.0,2.0,18.0,55.0,6.0,25.0,20.0,7.333333333333333
Mcdonalds,Crispy Bacon Smokehouse Chicken Sandwich,920.0,410.0,45.0,12.0,0.5,120.0,1980.0,81.0,4.0,18.0,46.0,6.0,20.0,20.0,5.0
Mcdonalds,Big Mac,540.0,250.0,28.0,10.0,1.0,80.0,950.0,46.0,3.0,9.0,25.0,10.0,2.0,15.0,4.62962962962963
Mcdonalds,Cheeseburger,300.0,100.0,12.0,5.0,0.5,40.0,680.0,33.0,2.0,7.0,15.0,10.0,2.0,10.0,5.0
Mcdonalds,Classic Chicken Sandwich,510.0,210.0,24.0,4.0,0.0,65.0,1040.0,49.0,3.0,6.0,25.0,0.0,4.0,2.0,4.901960784313726
Mcdonalds,Double Cheeseburger,430.0,190.0,21.0,11.0,1.0,85.0,1040.0,35.0,2.0,7.0,25.0,20.0,4.0,15.0,5.813953488372093
Mcdonalds,Double Quarter Pounder® with Cheese,770.0,400.0,45.0,21.0,2.5,175.0,1290.0,42.0,3.0,10.0,51.0,20.0,6.0,20.0,6.623376623376623
Mcdonalds,Filet-O-Fish®,380.0,170.0,18.0,4.0,0.0,40.0,640.0,38.0,2.0,5.0,15.0,2.0,0.0,15.0,3.9473684210526314
Mcdonalds,Garlic White Cheddar Burger,620.0,300.0,34.0,13.0,1.5,95.0,790.0,48.0,3.0,11.0,32.0,10.0,10.0,35.0,5.161290322580645
Mcdonalds,Grilled Garlic White Cheddar Chicken Sandwich,530.0,180.0,20.0,7.0,0.0,125.0,1150.0,48.0,3.0,11.0,42.0,10.0,20.0,35.0,7.9245283018867925
Mcdonalds,Crispy Garlic White Cheddar Chicken Sandwich,700.0,300.0,34.0,9.0,0.0,85.0,1190.0,67.0,5.0,11.0,33.0,10.0,15.0,35.0,4.714285714285714
Mcdonalds,Hamburger,250.0,70.0,8.0,3.0,0.0,30.0,480.0,31.0,2.0,6.0,13.0,2.0,2.0,4.0,5.2
Mcdonalds,Lobster Roll,290.0,50.0,5.0,1.5,0.0,65.0,630.0,35.0,2.0,3.0,24.0,4.0,6.0,15.0,8.275862068965518
Mcdonalds,Maple Bacon Dijon 1/4 lb Burger,640.0,330.0,36.0,14.0,1.5,110.0,1260.0,40.0,3.0,10.0,37.0,6.0,15.0,15.0,5.78125
Mcdonalds,Grilled Maple Bacon Dijon Chicken Sandwich,580.0,190.0,21.0,8.0,0.0,135.0,1890.0,50.0,3.0,14.0,48.0,4.0,30.0,30.0,8.275862068965518
Mcdonalds,Crispy Maple Bacon Dijon Chicken Sandwich,740.0,310.0,35.0,9.0,0.5,95.0,1780.0,69.0,5.0,14.0,39.0,4.0,20.0,290.0,5.27027027027027
Mcdonalds,McChicken,350.0,130.0,15.0,3.5,0.0,40.0,600.0,40.0,2.0,5.0,15.0,2.0,2.0,4.0,4.285714285714286
Mcdonalds,McDouble,380.0,160.0,18.0,8.0,1.0,70.0,840.0,34.0,2.0,7.0,23.0,10.0,2.0,10.0,6.052631578947368
Mcdonalds,McRib,480.0,200.0,22.0,7.0,0.0,80.0,870.0,45.0,2.0,12.0,25.0,2.0,2.0,6.0,5.208333333333334
Mcdonalds,Pico Guacamole 1/4 lb Burger,580.0,300.0,33.0,12.0,1.5,95.0,920.0,41.0,4.0,7.0,29.0,8.0,15.0,15.0,5.0
Mcdonalds,Grilled Pico Guacamole Chicken Sandwich,520.0,160.0,18.0,6.0,0.0,115.0,1540.0,50.0,4.0,12.0,40.0,8.0,25.0,30.0,7.6923076923076925
Mcdonalds,Crispy Pico Guacamole Chicken Sandwich,680.0,280.0,32.0,7.0,0.0,80.0,1430.0,69.0,6.0,12.0,31.0,8.0,15.0,30.0,4.5588235294117645
Mcdonalds,Premium Buttermilk Crispy Chicken Deluxe Sandwich,570.0,200.0,23.0,5.0,0.0,60.0,1050.0,64.0,4.0,11.0,28.0,4.0,10.0,20.0,4.912280701754386
Mcdonalds,Premium Crispy Chicken Deluxe Sandwich,530.0,200.0,22.0,4.0,0.0,45.0,1000.0,59.0,3.0,13.0,25.0,6.0,10.0,20.0,4.716981132075472
Mcdonalds,Quarter Pounder® with Cheese,530.0,240.0,27.0,13.0,1.5,100.0,1090.0,41.0,3.0,10.0,31.0,20.0,6.0,15.0,5.849056603773585
Mcdonalds,Signature Sriracha Burger,670.0,320.0,35.0,12.0,1.5,95.0,1010.0,56.0,4.0,13.0,32.0,20.0,15.0,30.0,4.776119402985075
Mcdonalds,Grilled Signature Sriracha Chicken Sandwich,560.0,180.0,20.0,5.0,0.0,115.0,1550.0,56.0,4.0,14.0,41.0,20.0,25.0,30.0,7.321428571428572
Mcdonalds,Crispy Signature Sriracha Chicken Sandwich,730.0,300.0,33.0,7.0,0.0,80.0,1430.0,75.0,5.0,13.0,32.0,20.0,20.0,30.0,4.383561643835616
Mcdonalds,Sweet BBQ Bacon 1/4 lb Burger,690.0,340.0,37.0,14.0,1.5,110.0,1310.0,51.0,3.0,14.0,38.0,6.0,15.0,15.0,5.507246376811594
Mcdonalds,Grilled Sweet BBQ Bacon Chicken Sandwich,630.0,200.0,22.0,7.0,0.0,135.0,1930.0,61.0,4.0,18.0,48.0,4.0,30.0,25.0,7.6190476190476195
Mcdonalds,Crispy Sweet BBQ Bacon Chicken Sandwich,800.0,320.0,36.0,9.0,0.5,95.0,1820.0,80.0,5.0,18.0,39.0,4.0,20.0,30.0,4.875
Mcdonalds,3 piece Buttermilk Crispy Chicken Tenders,370.0,190.0,21.0,3.5,0.0,70.0,910.0,16.0,0.0,0.0,28.0,0.0,0.0,2.0,7.567567567567568
Mcdonalds,4 piece Buttermilk Crispy Chicken Tenders,480.0,250.0,28.0,4.5,0.0,95.0,1290.0,21.0,0.0,1.0,38.0,0.0,0.0,2.0,7.916666666666666
Mcdonalds,6 piece Buttermilk Crispy Chicken Tenders,760.0,390.0,44.0,8.0,0.5,145.0,1890.0,32.0,1.0,1.0,58.0,0.0,0.0,2.0,7.631578947368421
Mcdonalds,10 piece Buttermilk Crispy Chicken Tenders,1210.0,630.0,70.0,12.0,1.0,240.0,3230.0,52.0,1.0,4.0,94.0,0.0,0.0,4.0,7.768595041322314
Mcdonalds,12 piece Buttermilk Crispy Chicken Tenders,1510.0,790.0,88.0,15.0,1.0,295.0,3770.0,64.0,1.0,2.0,115.0,0.0,2.0,6.0,7.6158940397351
Mcdonalds,20 piece Buttermilk Crispy Chicken Tenders,2430.0,1270.0,141.0,24.0,2.0,475.0,6080.0,103.0,2.0,3.0,186.0,0.0,2.0,8.0,7.654320987654321
Mcdonalds,4 Piece Chicken McNuggets,180.0,100.0,11.0,2.0,0.0,30.0,340.0,11.0,1.0,0.0,10.0,0.0,2.0,0.0,5.555555555555555
Mcdonalds,6 Piece Chicken McNuggets,270.0,140.0,16.0,2.5,0.0,45.0,510.0,16.0,1.0,0.0,15.0,0.0,2.0,0.0,5.555555555555555
Mcdonalds,10 Piece Chicken McNuggets,440.0,240.0,27.0,4.5,0.0,75.0,840.0,26.0,2.0,0.0,24.0,0.0,4.0,2.0,5.454545454545454
Mcdonalds,20 Piece Chicken McNuggets,890.0,480.0,53.0,9.0,0.0,145.0,1680.0,53.0,4.0,0.0,49.0,0.0,8.0,4.0,5.50561797752809
Mcdonalds,40 piece Chicken McNuggets,1770.0,960.0,107.0,18.0,0.5,295.0,3370.0,105.0,7.0,1.0,98.0,0.0,15.0,6.0,5.536723163841808
Mcdonalds,4 piece Sweet N' Spicy Honey BBQ Glazed Tenders,640.0,240.0,27.0,4.0,0.0,105.0,1780.0,63.0,2.0,35.0,39.0,4.0,15.0,4.0,6.09375
Mcdonalds,6 piece Sweet N' Spicy Honey BBQ Glazed Tenders,960.0,360.0,40.0,6.0,0.0,160.0,2670.0,94.0,3.0,52.0,58.0,4.0,25.0,8.0,6.041666666666667
Mcdonalds,10 piece Sweet N' Spicy Honey BBQ Glazed Tenders,1600.0,600.0,66.0,10.0,0.0,265.0,4450.0,156.0,5.0,87.0,97.0,8.0,40.0,10.0,6.0625
Mcdonalds,Premium Asian Salad w/o Chicken,140.0,70.0,7.0,0.5,0.0,0.0,20.0,13.0,5.0,7.0,7.0,180.0,45.0,10.0,5.0
Mcdonalds,Premium Asian Salad w/ Grilled Chicken,270.0,80.0,9.0,1.0,0.0,80.0,740.0,18.0,5.0,10.0,31.0,180.0,70.0,10.0,11.481481481481481
Mcdonalds,Premium Asian Salad w/ Crispy Chicken,490.0,250.0,28.0,8.0,0.0,95.0,1120.0,28.0,4.0,4.0,33.0,180.0,60.0,15.0,6.73469387755102
Mcdonalds,Premium Bacon Ranch Salad w/o Chicken,190.0,110.0,12.0,5.0,0.0,40.0,660.0,9.0,3.0,3.0,14.0,180.0,50.0,15.0,7.368421052631578
Mcdonalds,Premium Bacon Ranch Salad w/ Grilled Chicken,320.0,120.0,14.0,6.0,0.0,45.0,1230.0,9.0,3.0,4.0,42.0,180.0,60.0,15.0,13.125
Mcdonalds,Premium Bacon Ranch Salad w/ Crispy Chicken,490.0,250.0,28.0,8.0,0.0,95.0,1120.0,28.0,4.0,4.0,33.0,180.0,60.0,15.0,6.73469387755102
Mcdonalds,Premium Southwest Salad w/o Chicken,220.0,90.0,10.0,3.5,0.0,15.0,500.0,26.0,6.0,9.0,8.0,180.0,40.0,20.0,3.6363636363636362
Mcdonalds,Premium Southwest Salad w/ Grilled Chicken,350.0,100.0,12.0,4.5,0.0,110.0,1070.0,27.0,6.0,9.0,37.0,180.0,50.0,20.0,10.571428571428571
Mcdonalds,Premium Southwest Salad w/ Crispy Chicken,520.0,230.0,25.0,6.0,0.0,75.0,960.0,46.0,8.0,9.0,28.0,180.0,40.0,20.0,5.384615384615385
Chick Fil-A,Chargrilled Chicken Club Sandwich,430.0,144.0,16.0,8.0,0.0,85.0,1120.0,37.0,3.0,7.0,37.0,30.0,40.0,25.0,8.604651162790699
Chick Fil-A,Chargrilled Chicken Sandwich,310.0,54.0,6.0,2.0,0.0,55.0,820.0,36.0,3.0,7.0,29.0,25.0,40.0,10.0,9.35483870967742
Chick Fil-A,Chick-n-Slider,270.0,99.0,11.0,2.5,0.0,45.0,800.0,26.0,1.0,4.0,16.0,0.0,0.0,2.0,5.9259259259259265
Chick Fil-A,1 Piece Chick-n-Strips,120.0,54.0,6.0,3.0,0.0,25.0,320.0,6.0,0.0,1.0,11.0,0.0,0.0,2.0,9.166666666666666
Chick Fil-A,2 Piece Chick-n-Strips,230.0,108.0,12.0,3.0,0.0,55.0,630.0,13.0,1.0,1.0,22.0,0.0,2.0,4.0,9.565217391304348
Chick Fil-A,3 Piece Chick-n-Strips,350.0,153.0,17.0,3.0,0.0,70.0,940.0,22.0,1.0,3.0,28.0,2.0,2.0,6.0,8.0
Chick Fil-A,4 piece Chick-n-Strips,470.0,207.0,23.0,3.0,0.0,90.0,1250.0,29.0,1.0,4.0,37.0,2.0,4.0,8.0,7.872340425531915
Chick Fil-A,Chicken Deluxe,500.0,207.0,23.0,7.0,0.0,75.0,1590.0,42.0,3.0,6.0,31.0,30.0,10.0,20.0,6.2
Chick Fil-A,4 piece Chicken Nuggets,130.0,54.0,6.0,1.5,0.0,40.0,490.0,5.0,1.0,0.0,14.0,0.0,2.0,2.0,10.76923076923077
Chick Fil-A,6 piece Chicken Nuggets,190.0,81.0,9.0,1.5,0.0,55.0,730.0,7.0,1.0,0.0,21.0,0.0,4.0,2.0,11.052631578947368
Chick Fil-A,8 piece Chicken Nuggets,260.0,110.0,12.0,3.0,0.0,70.0,990.0,9.0,1.0,1.0,28.0,0.0,2.0,4.0,10.76923076923077
Chick Fil-A,12 piece Chicken Nuggets,390.0,162.0,18.0,1.5,0.0,115.0,1460.0,14.0,2.0,1.0,41.0,0.0,8.0,4.0,10.512820512820513
Chick Fil-A,30 piece Chicken Nuggets,970.0,414.0,46.0,2.5,0.0,285.0,3660.0,35.0,4.0,1.0,103.0,0.0,20.0,10.0,10.618556701030927
Chick Fil-A,Chicken Salad Sandwich,490.0,170.0,19.0,3.0,0.0,80.0,1130.0,55.0,5.0,12.0,28.0,35.0,8.0,15.0,5.714285714285714
Chick Fil-A,Chicken Sandwich,440.0,171.0,19.0,4.0,0.0,60.0,1350.0,40.0,2.0,5.0,28.0,2.0,4.0,15.0,6.363636363636363
Chick Fil-A,4 Piece Grilled Chicken Nuggets,70.0,18.0,2.0,1.0,0.0,35.0,220.0,1.0,0.0,0.0,13.0,0.0,6.0,0.0,18.571428571428573
Chick Fil-A,6 Piece Grilled Chicken Nuggets,110.0,27.0,3.0,1.0,0.0,50.0,330.0,2.0,0.0,0.0,19.0,0.0,8.0,0.0,17.272727272727273
Chick Fil-A,8 piece Grilled Chicken Nuggets,140.0,36.0,4.0,1.0,0.0,70.0,440.0,2.0,0.0,0.0,25.0,0.0,10.0,2.0,17.857142857142858
Chick Fil-A,12 Piece Grilled Chicken Nuggets,210.0,45.0,5.0,1.0,0.0,100.0,670.0,3.0,0.0,1.0,38.0,0.0,20.0,2.0,18.095238095238095
Chick Fil-A,Spicy Grilled Chicken Sub Sandwich,430.0,108.0,12.0,4.5,0.0,85.0,1310.0,47.0,5.0,9.0,33.0,0.0,25.0,25.0,7.674418604651163
Chick Fil-A,Regular Grilled Chicken Sub Sandwich,450.0,117.0,13.0,6.0,0.0,75.0,1000.0,48.0,4.0,10.0,34.0,0.0,50.0,25.0,7.555555555555555
Chick Fil-A,Smokehouse BBQ Bacon Sandwich,500.0,162.0,18.0,0.0,0.0,95.0,1200.0,46.0,2.0,10.0,33.0,45.0,40.0,20.0,6.6000000000000005
Chick Fil-A,Spicy Chicken Sandwich,450.0,171.0,19.0,4.0,0.0,60.0,1620.0,41.0,1.0,5.0,29.0,4.0,2.0,15.0,6.444444444444445
Chick Fil-A,Spicy Deluxe,540.0,225.0,25.0,8.0,0.0,80.0,1760.0,43.0,2.0,6.0,34.0,30.0,10.0,30.0,6.296296296296296
Chick Fil-A,Chargrilled Chicken Cool Wrap,350.0,126.0,14.0,5.0,0.0,60.0,960.0,29.0,15.0,3.0,37.0,60.0,35.0,35.0,10.571428571428571
Sonic,Hatch Green Chile Cheeseburger,710.0,380.0,43.0,17.0,2.0,120.0,1120.0,44.0,2.0,7.0,35.0,10.0,25.0,30.0,4.929577464788732
Sonic,Jalapeno Burger,640.0,330.0,37.0,14.0,2.0,100.0,930.0,42.0,2.0,6.0,31.0,4.0,2.0,20.0,4.84375
Sonic,Jr. Burger,340.0,150.0,17.0,6.0,1.0,35.0,640.0,34.0,1.0,6.0,15.0,2.0,4.0,6.0,4.411764705882353
Sonic,Jr. Chili Cheeseburger,410.0,220.0,24.0,9.0,0.5,55.0,730.0,32.0,1.0,4.0,20.0,7.0,1.0,15.0,4.878048780487805
Sonic,Jr. Deluxe Burger,380.0,200.0,23.0,6.0,1.0,40.0,470.0,32.0,1.0,4.0,15.0,2.0,4.0,6.0,3.9473684210526314
Sonic,Jr. Deluxe Cheeseburger,450.0,250.0,28.0,9.0,1.0,60.0,800.0,33.0,1.0,4.0,19.0,6.0,4.0,15.0,4.222222222222222
Sonic,Jr. Double Cheeseburger,600.0,350.0,38.0,16.0,2.0,110.0,1350.0,35.0,1.0,7.0,31.0,15.0,4.0,25.0,5.166666666666667
Sonic,Sonic Bacon Cheeseburger (w/mayo),870.0,530.0,59.0,20.0,2.0,140.0,1350.0,45.0,2.0,7.0,39.0,10.0,8.0,30.0,4.482758620689655
Sonic,Sonic Burger W/ Mustard,640.0,330.0,37.0,14.0,2.0,100.0,790.0,43.0,2.0,7.0,31.0,6.0,8.0,20.0,4.84375
Sonic,Sonic Burger W/ Ketchup,650.0,340.0,37.0,14.0,2.0,100.0,860.0,46.0,2.0,10.0,32.0,8.0,10.0,20.0,4.923076923076923
Sonic,Sonic Burger W/ Mayonnaise,740.0,430.0,48.0,15.0,2.0,110.0,760.0,44.0,2.0,7.0,31.0,6.0,8.0,20.0,4.1891891891891895
Sonic,Sonic Cheeseburger W/ Mustard,710.0,380.0,43.0,17.0,2.0,120.0,1120.0,43.0,2.0,7.0,35.0,10.0,8.0,30.0,4.929577464788732
Sonic,Sonic Cheeseburger W/ Ketchup,720.0,380.0,43.0,17.0,2.0,120.0,1190.0,47.0,2.0,10.0,35.0,15.0,10.0,30.0,4.861111111111112
Sonic,Sonic Cheeseburger W/ Mayonnaise,800.0,480.0,54.0,18.0,2.0,130.0,1090.0,44.0,2.0,7.0,35.0,10.0,8.0,30.0,4.375
Sonic,Super Sonic Bacon Double Cheeseburger (w/mayo),1280.0,830.0,92.0,36.0,4.0,260.0,1630.0,44.0,2.0,7.0,67.0,15.0,6.0,40.0,5.234375
Sonic,Super Sonic Double Cheeseburger W/ Mustard,1120.0,680.0,76.0,32.0,4.0,235.0,1550.0,44.0,2.0,8.0,63.0,15.0,8.0,40.0,5.625
Sonic,Super Sonic Double Cheeseburger W/ Ketchup,1130.0,680.0,76.0,32.0,4.0,235.0,1620.0,47.0,2.0,11.0,63.0,20.0,10.0,40.0,5.575221238938053
Sonic,Super Sonic Double Cheeseburger W/ Mayo,1220.0,780.0,87.0,34.0,4.0,245.0,1520.0,45.0,2.0,8.0,63.0,15.0,8.0,40.0,5.163934426229509
Sonic,Super Sonic Jalapeno Double Cheeseburger,1120.0,680.0,76.0,32.0,4.0,235.0,1690.0,43.0,2.0,7.0,63.0,15.0,2.0,40.0,5.625
Sonic,Veggie Burger W/ Ketchup,450.0,130.0,14.0,4.0,0.0,10.0,1410.0,67.0,5.0,11.0,15.0,6.0,8.0,25.0,3.3333333333333335
Sonic,Veggie Burger With Mustard,450.0,130.0,14.0,4.0,0.0,10.0,1350.0,64.0,5.0,8.0,15.0,6.0,8.0,27.0,3.3333333333333335
Sonic,Veggie Burger W/ Mustard,450.0,130.0,14.0,4.0,0.0,10.0,1300.0,64.0,5.0,8.0,15.0,6.0,8.0,25.0,3.3333333333333335
Sonic,Grilled Asiago Caesar Chicken Club Sandwich,610.0,270.0,30.0,7.0,0.0,110.0,1570.0,44.0,3.0,8.0,40.0,11.0,20.0,16.0,6.557377049180328
Sonic,Crispy Asiago Caesar Chicken Club Sandwich,680.0,350.0,39.0,9.0,0.0,80.0,1120.0,53.0,4.0,7.0,31.0,11.0,7.0,16.0,4.5588235294117645
Sonic,Grilled Chicken Sandwich,430.0,180.0,20.0,4.0,0.0,80.0,940.0,33.0,2.0,6.0,28.0,6.0,8.0,10.0,6.511627906976744
Sonic,Crispy Chicken Sandwich,570.0,300.0,33.0,5.0,0.0,45.0,1060.0,47.0,4.0,6.0,23.0,6.0,8.0,10.0,4.035087719298246
Sonic,Chicken Strip Sandwich,450.0,220.0,24.0,4.0,0.0,35.0,740.0,43.0,1.0,4.0,19.0,0.0,0.0,4.0,4.222222222222222
Sonic,3 Piece Crispy Chicken Tender Dinner,280.0,130.0,14.0,2.5,0.0,0.0,800.0,16.0,0.0,0.0,22.0,0.0,0.0,0.0,7.857142857142857
Sonic,5 Piece Crispy Chicken Tender Dinner,470.0,220.0,24.0,4.5,0.0,0.0,1340.0,26.0,0.0,0.0,37.0,0.0,0.0,0.0,7.872340425531915
Sonic,Deluxe Ultimate Chicken Sandwich,740.0,350.0,39.0,8.0,0.0,90.0,1550.0,63.0,4.0,12.0,33.0,10.0,8.0,15.0,4.45945945945946
Sonic,Buffalo Dunked Ultimate Chicken Sandwich,1000.0,550.0,61.0,12.0,0.5,125.0,4520.0,70.0,5.0,12.0,23.0,0.0,0.0,0.0,2.3
Sonic,Garlic Parmesan Dunked Ultimate Chicken Sandwich,1350.0,900.0,100.0,17.0,0.0,190.0,2180.0,69.0,4.0,10.0,23.0,0.0,0.0,0.0,1.7037037037037037
Sonic,Small Jumbo Popcorn Chicken,380.0,190.0,22.0,4.0,0.0,45.0,1250.0,27.0,3.0,1.0,18.0,0.0,0.0,2.0,4.736842105263158
Sonic,Large Jumbo Popcorn Chicken,560.0,290.0,32.0,6.0,1.0,65.0,1890.0,41.0,5.0,2.0,27.0,0.0,0.0,4.0,4.821428571428572
Sonic,Small Spicy Jumbo Popcorn Chicken,350.0,150.0,17.0,3.0,0.0,45.0,860.0,30.0,2.0,0.0,21.0,10.0,0.0,2.0,6.0
Sonic,Large Spicy Jumbo Popcorn Chicken,610.0,270.0,30.0,5.0,0.0,80.0,1500.0,51.0,3.0,0.0,36.0,17.0,0.0,3.0,5.901639344262295
Sonic,3 Piece Super Crunch Chicken Strip Dinner,970.0,410.0,46.0,8.0,1.0,55.0,2160.0,109.0,7.0,9.0,30.0,1.0,6.0,13.0,3.0927835051546393
Sonic,4 Piece Super Crunch Chicken Strip Dinner,1080.0,460.0,51.0,9.0,1.0,75.0,2390.0,118.0,8.0,9.0,37.0,1.0,7.0,13.0,3.425925925925926
Sonic,5 Piece Super Crunch Chicken Strip Dinner,1190.0,510.0,57.0,10.0,1.0,90.0,2610.0,126.0,8.0,9.0,44.0,2.0,8.0,14.0,3.697478991596639
Sonic,3 Piece Super Crunch Chicken Strips,330.0,140.0,16.0,3.0,0.0,55.0,670.0,25.0,2.0,0.0,22.0,1.0,2.0,1.0,6.666666666666667
Sonic,4 Piece Super Crunch Chicken Strips,440.0,190.0,21.0,4.0,0.0,70.0,900.0,34.0,2.0,1.0,29.0,1.0,2.0,1.0,6.59090909090909
Sonic,5 Piece Super Crunch Chicken Strips,550.0,240.0,26.0,5.0,0.0,90.0,1120.0,42.0,3.0,1.0,36.0,1.0,3.0,2.0,6.545454545454546
Sonic,Traditional Ultimate Chicken Sandwich,730.0,350.0,39.0,8.0,0.0,90.0,1540.0,62.0,3.0,11.0,32.0,4.0,2.0,15.0,4.383561643835616
Sonic,Ultimate Chicken Club,100.0,580.0,64.0,15.0,0.5,100.0,2070.0,65.0,4.0,12.0,39.0,15.0,8.0,30.0,39.0
Sonic,"All Beef All-american Style Dog – 6""",370.0,160.0,18.0,7.0,0.0,40.0,1180.0,40.0,1.0,15.0,12.0,2.0,4.0,8.0,3.2432432432432434
Sonic,"All Beef Chicago Dog – 6""",430.0,180.0,20.0,7.0,0.0,40.0,2310.0,49.0,1.0,17.0,14.0,4.0,6.0,10.0,3.255813953488372
Sonic,"All Beef Chili Cheese Coney – 6""",410.0,230.0,26.0,11.0,0.0,65.0,1140.0,30.0,2.0,4.0,17.0,10.0,2.0,20.0,4.146341463414634
Sonic,"All Beef New York Dog – 6""",340.0,170.0,19.0,7.0,0.0,40.0,1250.0,30.0,3.0,4.0,13.0,2.0,10.0,8.0,3.823529411764706
Sonic,"All Beef Regular Hot Dog – 6""",320.0,160.0,18.0,7.0,0.0,40.0,870.0,27.0,1.0,3.0,11.0,0.0,2.0,8.0,3.4375000000000004
Sonic,Cheesy Bacon Pretzel Dog - 6 In.,500.0,240.0,26.0,10.0,0.0,50.0,1410.0,46.0,2.0,7.0,15.0,1.0,3.0,8.0,3.0
Sonic,Corn Dog,210.0,100.0,11.0,4.0,0.0,20.0,530.0,23.0,2.0,4.0,6.0,0.0,0.0,4.0,2.857142857142857
Sonic,Footlong Quarter Pound Coney,830.0,490.0,54.0,22.0,1.0,85.0,1940.0,54.0,3.0,9.0,30.0,15.0,4.0,30.0,3.614457831325301
Sonic,The Original Pretzel Dog,320.0,160.0,18.0,7.0,0.0,35.0,910.0,27.0,1.0,2.0,11.0,0.0,0.0,4.0,3.4375000000000004
Arbys,Arby's Melt,330.0,100.0,11.0,4.0,0.0,30.0,920.0,40.0,2.0,5.0,18.0,2.0,0.0,8.0,5.454545454545454
Arbys,Arby-Q Sandwich,400.0,90.0,10.0,3.0,0.0,30.0,1230.0,58.0,3.0,23.0,18.0,4.0,10.0,10.0,4.5
Arbys,Beef 'n Cheddar Classic,450.0,180.0,20.0,6.0,1.0,50.0,1280.0,45.0,2.0,9.0,23.0,2.0,2.0,15.0,5.111111111111112
Arbys,Beef 'n Cheddar Mid,630.0,290.0,32.0,11.0,1.5,100.0,2100.0,48.0,2.0,9.0,39.0,2.0,2.0,15.0,6.190476190476191
Arbys,Bourbon BBQ Brisket Sandwich,650.0,300.0,33.0,12.0,1.0,105.0,1460.0,51.0,2.0,15.0,38.0,0.0,0.0,0.0,5.846153846153846
Arbys,Bourbon BBQ Chicken Sandwich,690.0,280.0,31.0,9.0,0.0,90.0,1990.0,66.0,3.0,16.0,38.0,0.0,0.0,0.0,5.507246376811594
Arbys,Bourbon BBQ Steak Sandwich,690.0,280.0,31.0,9.0,0.0,90.0,1990.0,66.0,3.0,16.0,38.0,0.0,0.0,0.0,5.507246376811594
Arbys,Buttermilk Buffalo Chicken Sandwich,540.0,220.0,24.0,4.5,0.0,60.0,2110.0,53.0,2.0,6.0,29.0,0.0,0.0,0.0,5.37037037037037
Arbys,Buttermilk Chicken Bacon & Swiss,650.0,280.0,31.0,9.0,0.0,90.0,1750.0,56.0,2.0,9.0,39.0,0.0,0.0,0.0,6.0
Arbys,Buttermilk Chicken Cordon Bleu Sandwich,690.0,310.0,35.0,10.0,0.0,110.0,2000.0,53.0,1.0,7.0,41.0,0.0,0.0,0.0,5.942028985507246
Arbys,Buttermilk Crispy Chicken Sandwich,550.0,230.0,26.0,4.5,0.0,60.0,1480.0,52.0,2.0,6.0,29.0,0.0,0.0,0.0,5.2727272727272725
Arbys,Classic French Dip & Swiss/Au Jus,540.0,210.0,23.0,11.0,1.0,85.0,2500.0,50.0,2.0,3.0,35.0,2.0,8.0,15.0,6.481481481481481
Arbys,Classic Roast Beef,360.0,120.0,14.0,5.0,0.5,50.0,970.0,37.0,2.0,5.0,23.0,0.0,0.0,6.0,6.388888888888888
Arbys,Double Roast Beef,510.0,210.0,24.0,9.0,1.5,95.0,1610.0,38.0,2.0,5.0,38.0,0.0,0.0,6.0,7.450980392156863
Arbys,Fire-Roasted Philly Steak,640.0,290.0,32.0,11.0,0.5,105.0,1950.0,46.0,3.0,4.0,42.0,0.0,0.0,0.0,6.5625
Arbys,Grand Turkey Club,480.0,220.0,24.0,7.0,0.0,65.0,1610.0,37.0,2.0,9.0,30.0,15.0,10.0,15.0,6.25
Arbys,Greek Gyro,710.0,390.0,44.0,13.0,0.0,75.0,1360.0,55.0,4.0,6.0,23.0,0.0,0.0,0.0,3.2394366197183095
Arbys,Half Pound Beef 'n Cheddar Sandwich,740.0,350.0,39.0,14.0,2.0,130.0,2530.0,48.0,2.0,9.0,49.0,0.0,0.0,0.0,6.621621621621622
Arbys,Half Pound French Dip & Swiss,750.0,330.0,36.0,17.0,2.0,150.0,3350.0,51.0,2.0,3.0,55.0,0.0,0.0,0.0,7.333333333333333
Arbys,Half Pound Roast Beef Sandwich,610.0,270.0,30.0,12.0,2.0,130.0,2040.0,38.0,2.0,5.0,48.0,0.0,0.0,0.0,7.868852459016394
Arbys,Ham & Swiss Melt,300.0,80.0,9.0,4.0,0.0,35.0,1030.0,37.0,2.0,6.0,18.0,2.0,0.0,15.0,6.0
Arbys,Loaded Italian Sandwich,680.0,360.0,40.0,14.0,0.5,100.0,2270.0,49.0,3.0,7.0,32.0,0.0,0.0,0.0,4.705882352941177
Arbys,Pecan Chicken Salad Flatbread,710.0,410.0,46.0,7.0,0.5,65.0,980.0,53.0,4.0,9.0,22.0,0.0,0.0,0.0,3.0985915492957745
Arbys,Pecan Chicken Salad Sandwich,840.0,400.0,44.0,6.0,0.5,75.0,1210.0,81.0,6.0,20.0,33.0,10.0,8.0,25.0,3.9285714285714284
Arbys,2 piece Prime-Cut Chicken Tenders,240.0,100.0,11.0,1.5,0.0,30.0,640.0,19.0,1.0,0.0,16.0,0.0,0.0,2.0,6.666666666666667
Arbys,3 piece Prime-Cut Chicken Tenders,360.0,150.0,17.0,2.5,0.0,45.0,950.0,28.0,2.0,0.0,23.0,0.0,4.0,2.0,6.388888888888888
Arbys,5 piece Prime-Cut Chicken Tenders,600.0,250.0,28.0,4.0,0.0,75.0,1590.0,47.0,3.0,0.0,39.0,0.0,8.0,2.0,6.5
Arbys,Reuben Sandwich,680.0,280.0,31.0,8.0,0.5,80.0,2420.0,62.0,4.0,5.0,37.0,6.0,20.0,35.0,5.4411764705882355
Arbys,Roast Beef Gyro,550.0,260.0,29.0,7.0,1.0,60.0,1290.0,48.0,3.0,5.0,24.0,10.0,15.0,10.0,4.363636363636364
Arbys,Roast Turkey & Swiss Sandwich,710.0,260.0,28.0,7.0,0.0,65.0,1930.0,79.0,5.0,15.0,38.0,20.0,10.0,45.0,5.352112676056338
Arbys,Roast Turkey & Swiss Wrap,520.0,240.0,27.0,9.0,0.0,65.0,1640.0,39.0,4.0,6.0,30.0,20.0,10.0,35.0,5.769230769230769
Arbys,"Roast Turkey, Ranch & Bacon Sandwich",800.0,310.0,34.0,10.0,0.5,80.0,2420.0,79.0,5.0,16.0,45.0,20.0,10.0,45.0,5.625
Arbys,"Roast Turkey, Ranch & Bacon Wrap",620.0,310.0,34.0,11.0,0.5,85.0,2130.0,39.0,4.0,6.0,37.0,20.0,10.0,30.0,5.967741935483871
Arbys,Smoke Mountain w/ Beef Short Rib,740.0,320.0,35.0,13.0,1.0,125.0,2050.0,62.0,4.0,17.0,43.0,0.0,0.0,0.0,5.810810810810811
Arbys,Smokehouse Beef Short Rib Sandwich,590.0,250.0,59.0,10.0,1.0,75.0,1510.0,59.0,4.0,14.0,26.0,0.0,0.0,0.0,4.406779661016949
Arbys,Smokehouse Brisket,600.0,310.0,35.0,12.0,1.0,110.0,1240.0,42.0,2.0,7.0,33.0,4.0,8.0,20.0,5.5
Arbys,Super Roast Beef,430.0,160.0,17.0,5.0,1.0,45.0,1060.0,45.0,3.0,11.0,23.0,10.0,10.0,8.0,5.348837209302325
Arbys,Three Cheese Steak Sandwich,650.0,320.0,36.0,15.0,1.0,115.0,1760.0,44.0,2.0,9.0,30.0,0.0,0.0,0.0,4.615384615384616
Arbys,Triple Decker Sandwich,1030.0,459.0,51.0,17.0,1.0,155.0,2940.0,83.0,5.0,19.0,62.0,0.0,0.0,0.0,6.019417475728155
Arbys,Turkey Avocado Club,730.0,252.0,28.0,6.0,0.0,65.0,2140.0,80.0,6.0,16.0,41.0,0.0,0.0,0.0,5.616438356164384
Arbys,Turkey Gyro,470.0,180.0,20.0,3.5,0.0,45.0,1520.0,48.0,3.0,5.0,25.0,10.0,15.0,10.0,5.319148936170213
Arbys,Ultimate BLT,980.0,495.0,55.0,14.0,0.0,85.0,2130.0,80.0,6.0,19.0,43.0,0.0,0.0,0.0,4.387755102040816
Arbys,Buffalo Chicken Slider,290.0,120.0,13.0,2.0,0.0,20.0,860.0,31.0,2.0,2.0,12.0,0.0,0.0,0.0,4.137931034482759
Arbys,Chicken Tender 'n Cheese Slider,290.0,110.0,12.0,3.5,0.0,25.0,720.0,30.0,1.0,1.0,15.0,0.0,0.0,0.0,5.172413793103448
Arbys,Corned Beef 'n Cheese Slider,220.0,80.0,9.0,3.5,0.0,30.0,890.0,21.0,1.0,1.0,14.0,0.0,0.0,0.0,6.363636363636363
Arbys,Ham 'n Cheese Slider,210.0,70.0,8.0,3.0,0.0,25.0,780.0,21.0,1.0,2.0,13.0,0.0,0.0,0.0,6.190476190476191
Arbys,Jalapeno Roast Beef 'n Cheese Slider,240.0,90.0,11.0,4.5,0.0,30.0,670.0,21.0,1.0,1.0,14.0,0.0,0.0,0.0,5.833333333333333
Arbys,Pizza Slider,300.0,150.0,17.0,6.0,0.0,35.0,930.0,23.0,1.0,2.0,13.0,0.0,0.0,0.0,4.333333333333334
Arbys,Roast Beef 'n Cheese Slider,240.0,90.0,11.0,4.5,0.0,30.0,670.0,21.0,1.0,1.0,14.0,0.0,0.0,0.0,5.833333333333333
Arbys,Turkey 'n Cheese Slider,200.0,60.0,7.0,2.5,0.0,25.0,760.0,21.0,1.0,2.0,14.0,0.0,0.0,0.0,7.000000000000001
Arbys,Chopped Side Salad,70.0,45.0,5.0,2.5,0.0,15.0,100.0,4.0,1.0,2.0,5.0,35.0,10.0,10.0,7.142857142857142
Arbys,Crispy Chicken Farmhouse Salad,430.0,220.0,24.0,8.0,0.0,65.0,1000.0,26.0,4.0,4.0,28.0,60.0,20.0,25.0,6.511627906976744
Arbys,Greek Gyro Salad,420.0,340.0,37.0,9.0,0.0,55.0,700.0,11.0,2.0,4.0,10.0,0.0,0.0,0.0,2.380952380952381
Arbys,Roast Turkey Farmhouse Salad,230.0,120.0,13.0,7.0,0.0,55.0,870.0,8.0,2.0,5.0,22.0,60.0,20.0,25.0,9.565217391304348
Arbys,Super Greek Salad,720.0,480.0,53.0,15.0,0.0,85.0,1310.0,39.0,5.0,7.0,22.0,0.0,0.0,0.0,3.0555555555555554
Burger King,American Brewhouse King,1550.0,1134.0,126.0,47.0,8.0,805.0,1820.0,21.0,3.0,7.0,134.0,0.0,0.0,0.0,8.645161290322582
Burger King,Bacon & Swiss Sourdough King,1000.0,585.0,65.0,24.0,3.0,200.0,1320.0,48.0,2.0,8.0,56.0,0.0,0.0,0.0,5.6000000000000005
Burger King,Bacon Cheeseburger,330.0,140.0,16.0,7.0,0.0,55.0,830.0,32.0,1.0,7.0,18.0,0.0,0.0,0.0,5.454545454545454
Burger King,Bacon Cheeseburger Deluxe,290.0,120.0,14.0,6.0,0.5,40.0,720.0,28.0,1.0,7.0,12.0,0.0,0.0,0.0,4.137931034482759
Burger King,Bacon King,1040.0,630.0,48.0,28.0,2.5,220.0,1900.0,48.0,1.0,10.0,57.0,0.0,0.0,0.0,5.480769230769231
Burger King,Bacon King Jr,730.0,351.0,39.0,9.0,0.0,90.0,1930.0,63.0,0.0,16.0,32.0,0.0,0.0,0.0,4.383561643835616
Burger King,Double Bacon Cheeseburger,520.0,280.0,31.0,14.0,1.0,105.0,1180.0,33.0,1.0,8.0,31.0,0.0,0.0,0.0,5.961538461538462
Burger King,Double Hamburger,360.0,160.0,18.0,8.0,0.0,70.0,520.0,28.0,1.0,6.0,22.0,0.0,0.0,0.0,6.111111111111111
Burger King,Double Quarter Pound King,900.0,486.0,54.0,25.0,3.0,210.0,1740.0,50.0,2.0,11.0,56.0,0.0,0.0,0.0,6.222222222222222
Burger King,Extra Long Cheeseburger,580.0,300.0,33.0,13.0,1.5,85.0,1030.0,45.0,2.0,9.0,26.0,0.0,0.0,0.0,4.482758620689655
Burger King,Homestyle Cheeseburger,550.0,250.0,27.0,12.0,1.5,95.0,1140.0,48.0,2.0,10.0,30.0,0.0,0.0,0.0,5.454545454545454
Burger King,Jalapeno King Sandwich,990.0,585.0,65.0,24.0,3.0,205.0,1550.0,46.0,2.0,7.0,55.0,0.0,0.0,0.0,5.555555555555555
Burger King,Rodeo Burger,310.0,110.0,13.0,4.0,0.5,25.0,450.0,38.0,1.0,9.0,9.0,0.0,0.0,0.0,2.903225806451613
Burger King,Rodeo King,1250.0,738.0,82.0,31.0,3.5,230.0,2270.0,69.0,3.0,14.0,60.0,0.0,0.0,0.0,4.8
Burger King,Sourdough King Single,730.0,387.0,43.0,16.0,1.5,125.0,1570.0,52.0,2.0,12.0,35.0,0.0,0.0,0.0,4.794520547945205
Burger King,Sourdough King Double,970.0,549.0,61.0,24.0,3.0,205.0,1640.0,52.0,2.0,12.0,55.0,0.0,0.0,0.0,5.670103092783505
Burger King,Bacon & Cheese Whopper,770.0,432.0,48.0,16.0,2.0,95.0,1360.0,47.0,2.0,9.0,29.0,0.0,0.0,0.0,3.766233766233766
Burger King,DOUBLE WHOPPER w/o Cheese,900.0,510.0,57.0,19.0,2.0,140.0,1050.0,51.0,3.0,11.0,47.0,0.0,0.0,0.0,5.222222222222222
Burger King,DOUBLE WHOPPER w/ Cheese,990.0,580.0,65.0,24.0,2.0,160.0,1480.0,53.0,3.0,11.0,52.0,0.0,0.0,0.0,5.252525252525253
Burger King,WHOPPER w/o Cheese,660.0,360.0,40.0,12.0,1.5,90.0,980.0,49.0,2.0,11.0,28.0,0.0,0.0,0.0,4.242424242424243
Burger King,WHOPPER w/ Cheese,760.0,430.0,47.0,16.0,1.0,100.0,1410.0,53.0,3.0,11.0,33.0,0.0,0.0,0.0,4.342105263157895
Burger King,WHOPPER JR. w/o Cheese,340.0,170.0,19.0,5.0,0.0,40.0,510.0,28.0,2.0,6.0,14.0,0.0,0.0,0.0,4.117647058823529
Burger King,WHOPPER JR. w/ Cheese,380.0,210.0,23.0,8.0,1.0,55.0,730.0,29.0,2.0,6.0,16.0,0.0,0.0,0.0,4.2105263157894735
Burger King,Bacon Cheddar Ranch Chicken Salad w/ grilled Chicken & Dressing,590.0,360.0,40.0,12.0,0.0,150.0,1540.0,18.0,3.0,6.0,42.0,0.0,0.0,0.0,7.118644067796611
Burger King,Bacon Cheddar Ranch Chicken Salad w/ crispy Chicken & Dressing,720.0,450.0,50.0,13.0,0.0,120.0,1960.0,32.0,5.0,7.0,36.0,0.0,0.0,0.0,5.0
Burger King,Chicken BLT Salad w/ Grilled Chicken,550.0,330.0,37.0,10.0,0.0,115.0,1640.0,17.0,3.0,5.0,36.0,0.0,0.0,0.0,6.545454545454546
Burger King,Chicken BLT Salad w/ Crispy Chicken,690.0,430.0,48.0,12.0,1.0,100.0,1750.0,31.0,4.0,8.0,35.0,0.0,0.0,0.0,5.072463768115942
Burger King,Chicken Caesar Salad w/ Grilled Chicken,530.0,290.0,32.0,5.0,0.0,95.0,1640.0,26.0,3.0,6.0,35.0,0.0,0.0,0.0,6.60377358490566
Burger King,Chicken Caesar Salad w/ Crispy Chicken,670.0,380.0,43.0,7.0,0.0,80.0,1760.0,40.0,5.0,8.0,34.0,0.0,0.0,0.0,5.074626865671641
Burger King,"Chicken, Apple & Cranberry Salad w/ Grilled Chicken",560.0,270.0,30.0,7.0,0.0,90.0,980.0,40.0,4.0,34.0,29.0,0.0,0.0,0.0,5.178571428571429
Burger King,"Chicken, Apple & Cranberry Salad w/ Crispy Chicken",700.0,370.0,41.0,9.0,0.0,80.0,1090.0,54.0,5.0,37.0,28.0,0.0,0.0,0.0,4.0
Burger King,"Garden Grilled Chicken Salad w/ Grilled Chicken, no dressing",320.0,120.0,14.0,6.0,0.0,115.0,650.0,16.0,2.0,4.0,36.0,0.0,0.0,0.0,11.25
Burger King,"Garden Grilled Chicken Salad w/ Crispy Chicken, no dressing",450.0,220.0,24.0,7.0,0.0,85.0,1070.0,30.0,5.0,6.0,29.0,0.0,0.0,0.0,6.444444444444445
Burger King,Side Caesar Salad with dressing,220.0,180.0,20.0,4.0,0.0,10.0,540.0,7.0,2.0,3.0,6.0,0.0,0.0,0.0,2.727272727272727
Burger King,Side Garden Salad and Avocado Ranch Dressing,230.0,190.0,21.0,5.0,0.0,30.0,520.0,7.0,2.0,3.0,5.0,0.0,0.0,0.0,2.1739130434782608
Burger King,Big Fish Sandwich,530.0,250.0,27.0,4.5,0.0,30.0,1360.0,54.0,2.0,7.0,17.0,0.0,0.0,0.0,3.207547169811321
Burger King,BK VEGGIE Burger,410.0,150.0,16.0,3.0,0.0,5.0,1030.0,44.0,7.0,8.0,22.0,0.0,0.0,0.0,5.365853658536586
Burger King,Chicken Burger,480.0,220.0,25.0,2.5,0.0,5.0,1160.0,42.0,2.0,10.0,22.0,0.0,0.0,0.0,4.583333333333333
Burger King,Chicken Fries,290.0,150.0,17.0,3.0,1.5,40.0,780.0,18.0,1.0,1.0,16.0,0.0,0.0,0.0,5.517241379310345
Burger King,4 Piece Chicken Nuggets,190.0,100.0,11.0,2.0,0.0,25.0,310.0,10.0,1.0,0.0,10.0,0.0,0.0,0.0,5.263157894736842
Burger King,6 Piece Chicken Nuggets,290.0,150.0,17.0,3.0,0.0,40.0,460.0,15.0,1.0,0.0,15.0,0.0,0.0,0.0,5.172413793103448
Burger King,20 Piece Chicken Nuggets,950.0,500.0,55.0,11.0,0.0,130.0,1530.0,50.0,5.0,0.0,51.0,0.0,0.0,0.0,5.36842105263158
Burger King,Chicken Nuggets (10pc),470.0,260.0,29.0,5.0,0.0,50.0,890.0,34.0,5.0,0.0,21.0,0.0,0.0,0.0,4.468085106382979
Burger King,Crispy Chicken Jr.,430.0,250.0,28.0,4.5,0.0,30.0,760.0,34.0,2.0,4.0,12.0,0.0,0.0,0.0,2.7906976744186047
Burger King,Grilled Chili Cheese Dog,330.0,170.0,19.0,8.0,1.0,40.0,980.0,28.0,2.0,5.0,14.0,0.0,0.0,0.0,4.242424242424243
Burger King,Grilled Hot Dog,310.0,140.0,16.0,6.0,1.0,30.0,960.0,32.0,2.0,10.0,11.0,0.0,0.0,0.0,3.5483870967741935
Burger King,Jalapeno Chicken Fries,300.0,160.0,18.0,3.0,0.0,40.0,950.0,19.0,1.0,1.0,15.0,0.0,0.0,0.0,5.0
Burger King,Original Chicken Sandwich,630.0,350.0,39.0,7.0,1.0,65.0,1390.0,46.0,3.0,4.0,24.0,0.0,0.0,0.0,3.8095238095238098
Burger King,Pretzel Chicken Fries,340.0,189.0,21.0,3.5,0.0,45.0,1200.0,21.0,1.0,1.0,16.0,0.0,0.0,0.0,4.705882352941177
Burger King,Rodeo Crispy Chicken Sandwich,410.0,150.0,17.0,3.0,0.0,20.0,870.0,53.0,2.0,14.0,12.0,0.0,0.0,0.0,2.9268292682926833
Burger King,Sourdough Chicken Club,840.0,459.0,51.0,12.0,1.0,95.0,1760.0,62.0,3.0,7.0,32.0,0.0,0.0,0.0,3.8095238095238098
Burger King,4 Piece Spicy Chicken Nuggets,210.0,135.0,15.0,3.0,0.0,20.0,570.0,11.0,2.0,0.0,8.0,0.0,0.0,0.0,3.8095238095238098
Burger King,Spicy Crispy Chicken Jr.,410.0,220.0,25.0,4.5,0.0,35.0,850.0,35.0,2.0,5.0,12.0,0.0,0.0,0.0,2.9268292682926833
Burger King,Spicy Crispy Chicken Sandwich,700.0,378.0,42.0,7.0,0.0,65.0,1140.0,57.0,3.0,8.0,25.0,0.0,0.0,0.0,3.571428571428571
Burger King,Spicy Crispy Jalapeno Chicken Sandwich,760.0,405.0,45.0,11.0,0.0,95.0,1720.0,58.0,3.0,8.0,32.0,0.0,0.0,0.0,4.2105263157894735
Dairy Queen,1/2 lb. FlameThrower® GrillBurger,1000.0,660.0,74.0,26.0,2.0,170.0,1610.0,40.0,2.0,9.0,46.0,25.0,8.0,30.0,4.6
Dairy Queen,1/2 lb. GrillBurger with Cheese,800.0,460.0,51.0,20.0,2.0,135.0,1280.0,44.0,3.0,13.0,40.0,25.0,6.0,35.0,5.0
Dairy Queen,1/4 lb. Bacon Cheese GrillBurger,630.0,330.0,37.0,13.0,1.0,95.0,1250.0,44.0,2.0,13.0,30.0,20.0,6.0,25.0,4.761904761904762
Dairy Queen,1/4 lb. GrillBurger with Cheese,540.0,270.0,30.0,11.0,1.0,70.0,1020.0,44.0,3.0,13.0,23.0,20.0,6.0,25.0,4.2592592592592595
Dairy Queen,1/4 lb. Mushroom Swiss GrillBurger,570.0,310.0,35.0,11.0,1.0,75.0,820.0,39.0,2.0,8.0,24.0,2.0,0.0,25.0,4.2105263157894735
Dairy Queen,Original Cheeseburger,400.0,160.0,18.0,9.0,1.0,65.0,930.0,34.0,1.0,8.0,19.0,10.0,0.0,10.0,4.75
Dairy Queen,Original Double Cheeseburger,630.0,310.0,34.0,18.0,2.0,125.0,1240.0,34.0,1.0,9.0,34.0,15.0,0.0,20.0,5.396825396825397
Dairy Queen,4 Piece Chicken Strip Basket w/ Country Gravy,1030.0,480.0,53.0,9.0,1.0,80.0,2780.0,105.0,9.0,4.0,35.0,2.0,0.0,10.0,3.3980582524271843
Dairy Queen,6 Piece Chicken Strip Basket w/ Country Gravy,1260.0,590.0,66.0,11.0,1.0,120.0,3500.0,121.0,12.0,4.0,49.0,2.0,0.0,10.0,3.888888888888889
Dairy Queen,Bacon Cheese Dog,420.0,240.0,26.0,11.0,1.0,60.0,1140.0,26.0,1.0,3.0,19.0,0.0,0.0,0.0,4.523809523809524
Dairy Queen,Cheese Dog,390.0,220.0,24.0,11.0,1.0,50.0,1000.0,26.0,1.0,3.0,16.0,0.0,0.0,0.0,4.102564102564102
Dairy Queen,Chili Cheese Dog,380.0,220.0,24.0,11.0,1.0,55.0,900.0,23.0,1.0,3.0,16.0,10.0,0.0,15.0,4.2105263157894735
Dairy Queen,Chili Dog,330.0,180.0,20.0,8.0,1.0,40.0,1050.0,24.0,1.0,5.0,13.0,8.0,0.0,6.0,3.939393939393939
Dairy Queen,Hot Dog,290.0,160.0,17.0,7.0,1.0,35.0,900.0,22.0,1.0,4.0,11.0,4.0,0.0,6.0,3.793103448275862
Dairy Queen,Relish Dog,350.0,180.0,20.0,8.0,1.0,35.0,1000.0,30.0,1.0,6.0,13.0,0.0,0.0,0.0,3.7142857142857144
Dairy Queen,Barbecue Pork Sandwich,310.0,80.0,9.0,3.0,0.0,50.0,830.0,41.0,2.0,9.0,17.0,10.0,4.0,4.0,5.483870967741936
Dairy Queen,Breaded Mushrooms,250.0,80.0,9.0,1.0,0.0,0.0,500.0,36.0,2.0,1.0,7.0,0.0,2.0,2.0,2.8000000000000003
Dairy Queen,Regular Cheese Curds,550.0,410.0,45.0,25.0,0.0,150.0,900.0,0.0,0.0,0.0,35.0,30.0,0.0,100.0,6.363636363636363
Dairy Queen,Large Cheese Curds,1050.0,670.0,75.0,43.0,1.0,180.0,2210.0,52.0,0.0,30.0,43.0,0.0,0.0,0.0,4.095238095238096
Dairy Queen,Chili Cheese Mega Dog,760.0,440.0,49.0,21.0,2.0,100.0,1570.0,48.0,2.0,6.0,32.0,0.0,0.0,0.0,4.2105263157894735
Dairy Queen,Crispy Fish Sandwich,470.0,200.0,22.0,3.0,0.0,20.0,1210.0,53.0,2.0,7.0,17.0,10.0,2.0,6.0,3.6170212765957444
Dairy Queen,Deluxe Cheeseburger,400.0,160.0,18.0,9.0,1.0,65.0,930.0,35.0,1.0,9.0,20.0,20.0,6.0,10.0,5.0
Dairy Queen,Deluxe Double Cheeseburger,640.0,310.0,34.0,18.0,2.0,125.0,1240.0,35.0,1.0,9.0,34.0,25.0,6.0,20.0,5.3125
Dairy Queen,Deluxe Double Hamburger,540.0,240.0,26.0,13.0,1.0,100.0,750.0,34.0,1.0,9.0,29.0,15.0,6.0,4.0,5.37037037037037
Dairy Queen,Deluxe Hamburger,350.0,130.0,14.0,7.0,1.0,50.0,680.0,34.0,1.0,9.0,17.0,15.0,6.0,4.0,4.857142857142857
Dairy Queen,DQ Ultimate® Burger,780.0,430.0,48.0,22.0,2.0,150.0,1390.0,34.0,1.0,7.0,41.0,20.0,6.0,20.0,5.256410256410256
Dairy Queen,Pork Tenderloin Sandwich,580.0,310.0,34.0,7.0,0.0,45.0,910.0,48.0,2.0,6.0,19.0,0.0,0.0,0.0,3.2758620689655173
Dairy Queen,Steak Finger Basket,910.0,430.0,48.0,13.0,0.5,45.0,2210.0,95.0,5.0,2.0,23.0,0.0,0.0,0.0,2.5274725274725274
Dairy Queen,3 chicken strips Chicken Strips,350.0,180.0,20.0,3.0,0.0,60.0,960.0,22.0,10.0,0.0,22.0,0.0,0.0,0.0,6.2857142857142865
Dairy Queen,Chicken Bacon Ranch Sandwich,500.0,180.0,20.0,8.0,0.0,65.0,1190.0,45.0,3.0,3.0,33.0,0.0,0.0,0.0,6.6000000000000005
Dairy Queen,Chicken Mozzarella Sandwich,640.0,220.0,25.0,8.0,0.0,60.0,1530.0,68.0,4.0,3.0,34.0,0.0,0.0,0.0,5.3125
Dairy Queen,Crispy Chicken BLT Salad,520.0,280.0,31.0,10.0,0.0,100.0,1470.0,25.0,9.0,6.0,37.0,0.0,0.0,0.0,7.115384615384615
Dairy Queen,Crispy Chicken Garden Greens Salad,280.0,120.0,13.0,2.0,0.0,40.0,670.0,24.0,9.0,6.0,17.0,0.0,0.0,0.0,6.071428571428571
Dairy Queen,Crispy Chicken Wrap,350.0,190.0,21.0,5.0,0.0,35.0,820.0,30.0,2.0,1.0,12.0,10.0,2.0,10.0,3.428571428571429
Dairy Queen,Grilled Chicken BLT Salad,380.0,170.0,19.0,9.0,0.0,100.0,1540.0,11.0,3.0,6.0,42.0,0.0,0.0,0.0,11.052631578947368
Dairy Queen,Grilled Chicken Garden Greens Salad,150.0,20.0,2.0,0.5,0.0,40.0,730.0,10.0,3.0,6.0,23.0,0.0,0.0,0.0,15.333333333333332
Dairy Queen,Grilled Chicken Wrap,280.0,130.0,15.0,4.0,0.0,30.0,800.0,22.0,1.0,1.0,15.0,10.0,4.0,10.0,5.357142857142857
Dairy Queen,Side Salad,20.0,0.0,0.0,0.0,0.0,0.0,15.0,5.0,2.0,3.0,1.0,50.0,30.0,15.0,5.0
Dairy Queen,Turkey BLT Sandwich,550.0,240.0,26.0,8.0,0.0,60.0,1420.0,45.0,3.0,3.0,30.0,0.0,0.0,0.0,5.454545454545454
Subway,"6"" B.L.T.",320.0,80.0,9.0,4.0,0.0,20.0,680.0,43.0,5.0,6.0,15.0,8.0,8.0,30.0,4.6875
Subway,Footlong B.L.T.,640.0,160.0,18.0,8.0,0.0,40.0,1360.0,86.0,10.0,12.0,30.0,16.0,16.0,60.0,4.6875
Subway,"6"" BBQ Rib Sandwich",430.0,160.0,18.0,6.0,0.0,50.0,590.0,47.0,5.0,8.0,19.0,8.0,20.0,30.0,4.4186046511627906
Subway,Footlong BBQ Rib Sandwich,860.0,320.0,36.0,12.0,0.0,100.0,1180.0,94.0,10.0,16.0,38.0,16.0,40.0,60.0,4.4186046511627906
Subway,"6"" Big Hot Pastrami",580.0,310.0,31.0,11.0,0.0,85.0,1470.0,47.0,5.0,7.0,29.0,10.0,45.0,40.0,5.0
Subway,Footlong Big Hot Pastrami,1160.0,620.0,62.0,22.0,0.0,170.0,2940.0,94.0,10.0,14.0,58.0,20.0,90.0,80.0,5.0
Subway,"6"" Big Philly Cheesesteak",500.0,150.0,17.0,9.0,1.0,85.0,1310.0,51.0,6.0,8.0,38.0,15.0,20.0,50.0,7.6
Subway,Footlong Big Philly Cheesesteak,1000.0,300.0,34.0,18.0,2.0,170.0,2620.0,102.0,12.0,16.0,76.0,30.0,40.0,100.0,7.6
Subway,Kids Mini Sub Black Forest Ham,180.0,20.0,3.0,0.5,0.0,10.0,450.0,30.0,3.0,5.0,10.0,6.0,15.0,20.0,5.555555555555555
Subway,"6"" Black Forest Ham",290.0,40.0,5.0,1.0,0.0,20.0,830.0,46.0,5.0,8.0,18.0,8.0,20.0,30.0,6.206896551724138
Subway,Footlong Black Forest Ham,580.0,80.0,10.0,2.0,0.0,40.0,1660.0,92.0,10.0,16.0,36.0,16.0,40.0,60.0,6.206896551724138
Subway,"6"" Carved Turkey",330.0,45.0,5.0,1.0,0.0,45.0,890.0,45.0,5.0,7.0,25.0,8.0,20.0,30.0,7.575757575757576
Subway,Footlong Carved Turkey,660.0,90.0,10.0,2.0,0.0,90.0,1780.0,90.0,10.0,14.0,50.0,16.0,40.0,60.0,7.575757575757576
Subway,"6"" Carved Turkey & Bacon w/ Cheese",570.0,230.0,26.0,7.0,0.0,70.0,1600.0,46.0,5.0,8.0,33.0,10.0,20.0,40.0,5.7894736842105265
Subway,Footlong Carved Turkey & Bacon w/ Cheese,1140.0,460.0,52.0,14.0,0.0,140.0,3200.0,92.0,10.0,16.0,66.0,20.0,40.0,80.0,5.7894736842105265
Subway,"6"" Chicken & Bacon Ranch Melt",570.0,250.0,28.0,10.0,1.0,95.0,1080.0,47.0,5.0,8.0,35.0,15.0,25.0,50.0,6.140350877192982
Subway,Footlong Chicken & Bacon Ranch Melt,1140.0,500.0,56.0,20.0,2.0,190.0,2160.0,94.0,10.0,16.0,70.0,30.0,50.0,100.0,6.140350877192982
Subway,"6"" Chicken Pizziola Melt",460.0,140.0,16.0,6.0,0.0,80.0,1140.0,49.0,6.0,9.0,32.0,15.0,30.0,45.0,6.956521739130435
Subway,Footlong Chicken Pizziola Melt,920.0,280.0,32.0,12.0,0.0,160.0,2280.0,98.0,12.0,18.0,64.0,30.0,60.0,90.0,6.956521739130435
Subway,"6"" Cold Cut Combo",370.0,120.0,13.0,4.0,0.0,50.0,1140.0,46.0,5.0,7.0,18.0,10.0,20.0,35.0,4.864864864864865
Subway,Footlong Cold Cut Combo,740.0,240.0,26.0,8.0,0.0,100.0,2280.0,92.0,10.0,14.0,36.0,20.0,40.0,70.0,4.864864864864865
Subway,"6"" Corned Beef Reuben",470.0,130.0,15.0,4.5,0.0,85.0,1770.0,45.0,7.0,12.0,39.0,10.0,35.0,20.0,8.297872340425531
Subway,Footlong Corned Beef Reuben,940.0,260.0,30.0,9.0,0.0,170.0,3540.0,90.0,14.0,24.0,78.0,20.0,70.0,40.0,8.297872340425531
Subway,"6"" Italian B.M.T.",410.0,150.0,16.0,6.0,0.0,45.0,1300.0,46.0,5.0,8.0,20.0,8.0,20.0,30.0,4.878048780487805
Subway,Footlong Italian B.M.T.,820.0,300.0,32.0,12.0,0.0,90.0,2600.0,92.0,10.0,16.0,40.0,16.0,40.0,60.0,4.878048780487805
Subway,"6"" Italian Hero",550.0,260.0,29.0,10.0,0.0,75.0,1470.0,47.0,5.0,9.0,26.0,10.0,20.0,40.0,4.7272727272727275
Subway,Footlong Italian Hero,1100.0,520.0,58.0,20.0,0.0,150.0,2940.0,94.0,10.0,18.0,52.0,20.0,40.0,80.0,4.7272727272727275
Subway,"6"" Meatball Marinara",480.0,160.0,18.0,7.0,1.0,30.0,950.0,59.0,8.0,12.0,21.0,25.0,35.0,35.0,4.375
Subway,Footlong Meatball Marinara,960.0,320.0,36.0,14.0,2.0,60.0,1900.0,118.0,16.0,24.0,42.0,50.0,70.0,70.0,4.375
Subway,"6"" Oven Roasted Chicken",320.0,40.0,5.0,2.0,0.0,25.0,640.0,47.0,5.0,8.0,23.0,8.0,30.0,30.0,7.187499999999999
Subway,Footlong Oven Roasted Chicken,640.0,80.0,10.0,4.0,0.0,50.0,1280.0,44.0,10.0,16.0,46.0,16.0,60.0,60.0,7.187499999999999
Subway,Kids Mini Sub Roast Beef,200.0,25.0,3.0,1.0,0.0,25.0,390.0,30.0,4.0,5.0,14.0,6.0,15.0,20.0,7.000000000000001
Subway,"6"" Roast Beef",320.0,40.0,5.0,2.0,0.0,40.0,700.0,45.0,5.0,7.0,24.0,8.0,20.0,30.0,7.5
Subway,Footlong Roast Beef,640.0,80.0,10.0,4.0,0.0,80.0,1400.0,90.0,10.0,14.0,48.0,16.0,40.0,60.0,7.5
Subway,"6"" Rotisserie Style Chicken",350.0,50.0,6.0,1.5,0.0,50.0,540.0,44.0,5.0,7.0,29.0,8.0,20.0,30.0,8.285714285714285
Subway,Footlong Rotisserie Style Chicken,700.0,100.0,12.0,3.0,0.0,100.0,1080.0,88.0,10.0,14.0,58.0,16.0,40.0,60.0,8.285714285714285
Subway,"6"" Spicy Italian",480.0,220.0,24.0,9.0,1.0,50.0,1520.0,46.0,5.0,8.0,20.0,8.0,20.0,30.0,4.166666666666666
Subway,Footlong Spicy Italian,960.0,440.0,48.0,18.0,2.0,100.0,3040.0,92.0,10.0,16.0,40.0,16.0,40.0,60.0,4.166666666666666
Subway,"6"" Steak and Cheese",380.0,90.0,10.0,5.0,0.0,50.0,1060.0,48.0,5.0,8.0,26.0,10.0,20.0,40.0,6.842105263157896
Subway,Footlong Steak and Cheese,760.0,180.0,20.0,10.0,0.0,100.0,2120.0,96.0,10.0,16.0,52.0,20.0,40.0,80.0,6.842105263157896
Subway,"6"" Subway Club",310.0,40.0,5.0,2.0,0.0,40.0,880.0,46.0,5.0,7.0,23.0,8.0,20.0,30.0,7.419354838709677
Subway,Footlong Subway Club,620.0,80.0,10.0,4.0,0.0,80.0,1760.0,92.0,10.0,14.0,46.0,16.0,40.0,60.0,7.419354838709677
Subway,"6"" Subway Melt (includes cheese)",370.0,100.0,11.0,5.0,0.0,45.0,1210.0,47.0,5.0,8.0,23.0,10.0,20.0,40.0,6.216216216216217
Subway,Footlong Subway Melt (includes cheese),740.0,200.0,22.0,10.0,0.0,90.0,1420.0,94.0,10.0,16.0,46.0,20.0,40.0,80.0,6.216216216216217
Subway,"6"" Subway Seafood Sensation",420.0,170.0,19.0,3.0,0.0,20.0,690.0,51.0,5.0,8.0,13.0,10.0,20.0,35.0,3.0952380952380953
Subway,Footlong Subway Seafood Sensation,840.0,340.0,38.0,6.0,0.0,40.0,1380.0,102.0,10.0,16.0,26.0,20.0,40.0,70.0,3.0952380952380953
Subway,"6"" Sweet Onion Chicken Teriyaki",380.0,40.0,5.0,1.0,0.0,50.0,900.0,59.0,5.0,18.0,26.0,8.0,30.0,35.0,6.842105263157896
Subway,Footlong Sweet Onion Chicken Teriyaki,760.0,80.0,10.0,2.0,0.0,100.0,1800.0,118.0,10.0,36.0,52.0,16.0,60.0,70.0,6.842105263157896
Subway,"6"" Tuna",470.0,210.0,24.0,4.0,0.0,30.0,620.0,44.0,5.0,6.0,20.0,8.0,20.0,30.0,4.25531914893617
Subway,Footlong Tuna,940.0,420.0,48.0,8.0,0.0,60.0,1240.0,88.0,10.0,12.0,40.0,16.0,40.0,60.0,4.25531914893617
Subway,"6"" Turkey & Bacon Avocado",390.0,110.0,13.0,3.5,0.0,30.0,860.0,49.0,8.0,7.0,22.0,10.0,200.0,30.0,5.641025641025641
Subway,Footlong Turkey & Bacon Avocado,780.0,220.0,26.0,7.0,0.0,60.0,1720.0,98.0,16.0,14.0,44.0,20.0,400.0,60.0,5.641025641025641
Subway,Kids Mini Sub Turkey Breast,180.0,20.0,2.0,0.5,0.0,10.0,380.0,30.0,3.0,5.0,10.0,6.0,15.0,20.0,5.555555555555555
Subway,"6"" Turkey Breast",280.0,30.0,4.0,1.0,0.0,20.0,810.0,46.0,5.0,7.0,18.0,8.0,20.0,30.0,6.428571428571428
Subway,Footlong Turkey Breast,560.0,60.0,8.0,2.0,0.0,40.0,1620.0,92.0,10.0,14.0,36.0,16.0,40.0,60.0,6.428571428571428
Subway,"6"" Turkey Breast & Ham",280.0,35.0,4.0,1.0,0.0,20.0,820.0,46.0,5.0,8.0,18.0,8.0,20.0,30.0,6.428571428571428
Subway,Footlong Turkey Breast & Ham,560.0,70.0,8.0,2.0,0.0,40.0,1640.0,92.0,10.0,16.0,36.0,16.0,40.0,60.0,6.428571428571428
Subway,"6"" Turkey Italiano Melt (with Provolone)",490.0,210.0,24.0,9.0,1.0,50.0,1480.0,47.0,5.0,8.0,24.0,10.0,20.0,45.0,4.8979591836734695
Subway,Footlong Turkey Italiano Melt (with Provolone),980.0,420.0,48.0,18.0,2.0,100.0,2960.0,94.0,10.0,16.0,48.0,20.0,40.0,90.0,4.8979591836734695
Subway,Kids Mini Sub Veggie Delite,150.0,15.0,2.0,0.0,0.0,0.0,190.0,29.0,3.0,4.0,6.0,6.0,15.0,20.0,4.0
Subway,"6"" Veggie Delite",230.0,20.0,3.0,1.0,0.0,0.0,310.0,44.0,5.0,6.0,8.0,8.0,20.0,30.0,3.4782608695652173
Subway,Footlong Veggie Delite,460.0,40.0,6.0,2.0,0.0,0.0,620.0,88.0,10.0,12.0,16.0,16.0,40.0,60.0,3.4782608695652173
Subway,"6"" Veggie Patty",390.0,70.0,7.0,1.0,0.0,10.0,800.0,56.0,8.0,8.0,23.0,15.0,20.0,35.0,5.897435897435897
Subway,Footlong Veggie Patty,780.0,140.0,14.0,2.0,0.0,20.0,1600.0,112.0,16.0,16.0,46.0,30.0,20.0,70.0,5.897435897435897
Subway,Autumn Carved Turkey Salad,300.0,80.0,9.0,3.0,0.0,60.0,1120.0,26.0,3.0,22.0,25.0,40.0,40.0,15.0,8.333333333333332
Subway,B.L.T. Salad,150.0,70.0,8.0,4.0,0.0,20.0,420.0,10.0,4.0,5.0,10.0,50.0,50.0,6.0,6.666666666666667
Subway,Big Hot Pastrami Melt Salad,400.0,300.0,29.0,11.0,0.0,85.0,1250.0,12.0,4.0,4.0,23.0,25.0,70.0,10.0,5.75
Subway,Big Philly Cheesesteak Salad,330.0,140.0,16.0,8.0,1.0,85.0,1080.0,17.0,5.0,6.0,32.0,60.0,50.0,25.0,9.696969696969697
Subway,Black Forest Ham Salad,110.0,25.0,3.0,1.0,0.0,20.0,590.0,11.0,4.0,6.0,12.0,25.0,45.0,4.0,10.909090909090908
Subway,Buffalo Chicken Salad (with Ranch dressing),360.0,230.0,26.0,4.0,0.0,60.0,1100.0,13.0,4.0,6.0,20.0,50.0,60.0,8.0,5.555555555555555
Subway,Carved Turkey & Bacon w/ Cheese Salad,280.0,110.0,12.0,4.5,0.0,65.0,1320.0,11.0,4.0,5.0,28.0,50.0,50.0,15.0,10.0
Subway,Carved Turkey Salad,150.0,30.0,4.0,0.0,0.0,45.0,680.0,8.0,3.0,3.0,19.0,40.0,40.0,6.0,12.666666666666668
Subway,Chicken & Bacon Ranch Melt Salad (includes Ranch dressing),510.0,340.0,38.0,12.0,1.0,100.0,1040.0,14.0,4.0,7.0,30.0,60.0,60.0,30.0,5.88235294117647
Subway,Cold Cut Combo Salad,180.0,95.0,11.0,4.0,0.0,45.0,820.0,12.0,4.0,5.0,12.0,50.0,50.0,10.0,6.666666666666667
Subway,Double Chicken Salad,220.0,35.0,5.0,1.5,0.0,100.0,490.0,10.0,4.0,4.0,36.0,50.0,60.0,8.0,16.363636363636363
Subway,Italian B.M.T.® Salad,230.0,135.0,15.0,6.0,0.0,45.0,1060.0,12.0,4.0,6.0,14.0,50.0,50.0,6.0,6.086956521739131
Subway,Italian Hero Salad,230.0,140.0,15.0,5.0,0.0,45.0,1060.0,13.0,4.0,8.0,14.0,40.0,60.0,4.0,6.086956521739131
Subway,Meatball Marinara Salad,310.0,150.0,17.0,7.0,1.0,30.0,720.0,25.0,6.0,10.0,16.0,60.0,70.0,10.0,5.161290322580645
Subway,Oven Roasted Chicken Salad,140.0,25.0,3.0,0.5,0.0,50.0,280.0,10.0,4.0,4.0,19.0,50.0,60.0,8.0,13.571428571428571
Subway,Roast Beef Salad,140.0,30.0,4.0,1.0,0.0,40.0,450.0,10.0,4.0,5.0,18.0,25.0,45.0,4.0,12.857142857142856
Subway,Spicy Italian Salad,310.0,205.0,23.0,9.0,1.0,50.0,1280.0,11.0,4.0,6.0,15.0,50.0,50.0,8.0,4.838709677419355
Subway,Steak & Cheese Salad,210.0,75.0,8.0,4.0,0.0,50.0,830.0,14.0,4.0,6.0,20.0,50.0,50.0,15.0,9.523809523809524
Subway,Subway Club Salad,140.0,30.0,4.0,1.0,0.0,40.0,640.0,11.0,4.0,5.0,17.0,25.0,45.0,6.0,12.142857142857142
Subway,Subway Melt® Salad,200.0,85.0,10.0,5.0,0.0,45.0,910.0,13.0,4.0,6.0,18.0,50.0,50.0,15.0,9.0
Subway,Sweet Onion Chicken Teriyaki Salad,200.0,25.0,3.0,1.0,0.0,50.0,660.0,24.0,4.0,16.0,20.0,25.0,50.0,6.0,10.0
Subway,Tuna Salad,310.0,215.0,24.0,4.0,0.0,40.0,370.0,10.0,4.0,4.0,15.0,50.0,50.0,6.0,4.838709677419355
Subway,Turkey Breast & Ham Salad,110.0,20.0,3.0,1.0,0.0,25.0,580.0,11.0,4.0,5.0,12.0,25.0,45.0,6.0,10.909090909090908
Subway,Turkey Breast Salad,110.0,20.0,2.0,1.0,0.0,20.0,570.0,11.0,4.0,5.0,12.0,25.0,45.0,6.0,10.909090909090908
Subway,Veggie Delite Salad,50.0,10.0,1.0,0.0,0.0,0.0,65.0,9.0,4.0,4.0,3.0,25.0,45.0,4.0,6.0
Subway,Chipotle Southwest Steak & Cheese Wrap,760.0,330.0,37.0,12.0,1.0,100.0,2250.0,65.0,4.0,7.0,43.0,15.0,45.0,30.0,5.657894736842105
Subway,Rotisserie-Style Chicken Caesar Wrap,730.0,310.0,34.0,10.0,0.5,135.0,1900.0,53.0,3.0,4.0,55.0,15.0,8.0,45.0,7.534246575342466
Subway,"Turkey, Bacon & Guacamole Wrap",810.0,380.0,42.0,13.0,0.5,75.0,2970.0,62.0,3.0,6.0,43.0,10.0,30.0,30.0,5.3086419753086425
Subway,Cheese & Veggies Pizza,740.0,230.0,25.0,11.0,0.0,50.0,1270.0,100.0,5.0,9.0,36.0,35.0,30.0,60.0,4.864864864864865
Subway,Cheese Pizza,680.0,200.0,22.0,9.0,0.0,40.0,1070.0,96.0,4.0,7.0,32.0,25.0,4.0,45.0,4.705882352941177
Subway,Pepperoni Pizza,790.0,290.0,32.0,13.0,0.0,60.0,1350.0,96.0,4.0,8.0,38.0,30.0,4.0,60.0,4.810126582278481
Subway,Sausage Pizza,820.0,310.0,34.0,14.0,0.0,70.0,1420.0,97.0,4.0,8.0,39.0,30.0,4.0,60.0,4.7560975609756095
Taco Bell,1/2 lb.* Cheesy Potato Burrito,540.0,230.0,26.0,7.0,1.0,45.0,1360.0,59.0,7.0,4.0,19.0,0.0,0.0,0.0,3.5185185185185186
Taco Bell,1/2 lb.* Combo Burrito,460.0,170.0,18.0,7.0,1.0,45.0,1320.0,53.0,9.0,3.0,21.0,0.0,0.0,0.0,4.565217391304348
Taco Bell,7-Layer Burrito,510.0,170.0,19.0,7.0,0.0,20.0,1090.0,68.0,11.0,4.0,16.0,0.0,0.0,0.0,3.1372549019607843
Taco Bell,Bean Burrito,370.0,100.0,11.0,4.0,0.0,5.0,960.0,56.0,9.0,3.0,13.0,0.0,0.0,0.0,3.5135135135135136
Taco Bell,Beefy 5-Layer Burrito,550.0,200.0,22.0,8.0,0.0,35.0,1270.0,68.0,8.0,5.0,19.0,0.0,0.0,0.0,3.4545454545454546
Taco Bell,Beefy Fritos® Burrito,440.0,160.0,18.0,5.0,0.0,20.0,1030.0,55.0,4.0,3.0,13.0,0.0,0.0,0.0,2.9545454545454546
Taco Bell,Black Bean Burrito,410.0,110.0,12.0,4.0,0.0,10.0,1100.0,62.0,8.0,3.0,14.0,0.0,0.0,0.0,3.414634146341464
Taco Bell,Burrito Supreme® – Beef,420.0,140.0,16.0,7.0,0.0,35.0,1090.0,53.0,8.0,5.0,16.0,0.0,0.0,0.0,3.8095238095238098
Taco Bell,Burrito Supreme® - Chicken,390.0,110.0,12.0,5.0,0.0,40.0,1050.0,52.0,7.0,5.0,19.0,0.0,0.0,0.0,4.871794871794872
Taco Bell,Burrito Supreme® - Steak,390.0,120.0,13.0,5.0,0.0,30.0,1090.0,52.0,7.0,5.0,17.0,0.0,0.0,0.0,4.358974358974359
Taco Bell,Cantina Power Burrito - Chicken,760.0,240.0,27.0,6.0,0.0,60.0,1960.0,96.0,12.0,7.0,32.0,0.0,0.0,0.0,4.2105263157894735
Taco Bell,Cantina Power Burrito - Steak,780.0,250.0,28.0,7.0,0.0,50.0,1900.0,98.0,13.0,7.0,33.0,0.0,0.0,0.0,4.230769230769231
Taco Bell,Cantina Power Burrito - Veggie,740.0,230.0,26.0,5.0,0.0,10.0,1750.0,107.0,17.0,8.0,20.0,0.0,0.0,0.0,2.7027027027027026
Taco Bell,Cheesy Bean and Rice Burrito,420.0,160.0,17.0,3.5,0.0,0.0,930.0,55.0,6.0,4.0,11.0,0.0,0.0,0.0,2.619047619047619
Taco Bell,Chili Cheese Burrito,380.0,150.0,17.0,8.0,1.0,35.0,930.0,41.0,5.0,2.0,16.0,0.0,0.0,0.0,4.2105263157894735
Taco Bell,Chicken Crunchy Cheesy Core Burrito,610.0,210.0,24.0,9.0,0.0,55.0,1510.0,74.0,5.0,5.0,25.0,10.0,4.0,35.0,4.098360655737705
Taco Bell,Steak Crunchy Cheesy Core Burrito,610.0,220.0,24.0,9.0,0.0,50.0,1520.0,75.0,5.0,5.0,25.0,10.0,4.0,40.0,4.098360655737705
Taco Bell,Beef Crunchy Cheesy Core Burrito,630.0,240.0,26.0,10.0,0.5,45.0,1530.0,76.0,7.0,5.0,22.0,15.0,4.0,35.0,3.492063492063492
Taco Bell,Loaded Taco Burrito,550.0,260.0,29.0,9.0,0.5,50.0,1130.0,52.0,7.0,4.0,20.0,15.0,6.0,20.0,3.6363636363636362
Taco Bell,Chicken Quesarito,620.0,270.0,30.0,10.0,0.0,60.0,1440.0,64.0,4.0,4.0,24.0,0.0,0.0,0.0,3.870967741935484
Taco Bell,Steak Quesarito,630.0,280.0,31.0,11.0,0.5,65.0,1410.0,64.0,3.0,4.0,25.0,0.0,0.0,0.0,3.968253968253968
Taco Bell,Beef Quesarito,650.0,300.0,34.0,12.0,0.5,60.0,1450.0,65.0,6.0,5.0,22.0,0.0,0.0,0.0,3.3846153846153846
Taco Bell,Shredded Chicken Burrito,400.0,160.0,18.0,4.5,0.0,30.0,960.0,45.0,3.0,3.0,16.0,0.0,0.0,0.0,4.0
Taco Bell,Smothered Burrito - Beef,710.0,320.0,35.0,13.0,1.0,75.0,2260.0,70.0,10.0,4.0,28.0,0.0,0.0,0.0,3.943661971830986
Taco Bell,Smothered Burrito - Shredded Chicken,650.0,250.0,28.0,10.0,0.0,70.0,2230.0,67.0,8.0,4.0,34.0,0.0,0.0,0.0,5.230769230769231
Taco Bell,Smothered Burrito - Steak,670.0,260.0,29.0,11.0,0.5,80.0,2080.0,68.0,7.0,4.0,35.0,0.0,0.0,0.0,5.223880597014925
Taco Bell,Chicken Spicy Cheesy Core Burrito,540.0,180.0,20.0,8.0,0.0,55.0,1740.0,66.0,5.0,5.0,24.0,15.0,8.0,35.0,4.444444444444445
Taco Bell,Steak Spicy Cheesy Core Burrito,550.0,190.0,21.0,9.0,0.0,50.0,1750.0,66.0,5.0,5.0,24.0,10.0,6.0,35.0,4.363636363636364
Taco Bell,Beef Spicy Cheesy Core Burrito,570.0,210.0,23.0,10.0,0.5,45.0,1760.0,68.0,7.0,5.0,22.0,15.0,6.0,35.0,3.8596491228070176
Taco Bell,Triple Melt Burrito,410.0,140.0,16.0,6.0,0.0,30.0,1030.0,50.0,4.0,3.0,15.0,6.0,2.0,20.0,3.6585365853658534
Taco Bell,XXL Grilled Stuft Burrito - Beef,880.0,380.0,42.0,14.0,1.0,75.0,2020.0,94.0,12.0,6.0,31.0,0.0,0.0,0.0,3.5227272727272725
Taco Bell,XXL Grilled Stuft Burrito - Chicken,830.0,320.0,35.0,11.0,0.0,85.0,1940.0,91.0,10.0,6.0,37.0,0.0,0.0,0.0,4.457831325301205
Taco Bell,XXL Grilled Stuft Burrito - Steak,820.0,320.0,36.0,12.0,1.0,70.0,2020.0,91.0,10.0,7.0,33.0,0.0,0.0,0.0,4.024390243902439
Taco Bell,Chicken Soft Taco,170.0,50.0,6.0,3.0,0.0,30.0,460.0,18.0,1.0,1.0,12.0,0.0,0.0,0.0,7.0588235294117645
Taco Bell,Cool Ranch® Doritos® Double Decker® Taco,320.0,120.0,14.0,5.0,0.0,25.0,770.0,36.0,6.0,2.0,13.0,0.0,0.0,0.0,4.0625
Taco Bell,Cool Ranch® Doritos® Locos Taco,160.0,90.0,10.0,3.5,0.0,25.0,350.0,13.0,2.0,1.0,8.0,0.0,0.0,0.0,5.0
Taco Bell,Cool Ranch® Doritos® Locos Taco Supreme,200.0,100.0,12.0,4.5,0.0,35.0,370.0,15.0,3.0,3.0,9.0,0.0,0.0,0.0,4.5
Taco Bell,Crunchy Taco,170.0,90.0,10.0,4.0,0.0,25.0,290.0,12.0,3.0,1.0,8.0,0.0,0.0,0.0,4.705882352941177
Taco Bell,Crunchy Taco Supreme®,200.0,110.0,12.0,5.0,0.0,35.0,320.0,15.0,3.0,2.0,9.0,0.0,0.0,0.0,4.5
Taco Bell,Double Decker® Taco,320.0,120.0,14.0,5.0,0.0,25.0,640.0,37.0,7.0,2.0,13.0,0.0,0.0,0.0,4.0625
Taco Bell,DOUBLE DECKER® Taco Supreme®,350.0,140.0,16.0,6.0,0.0,35.0,670.0,40.0,7.0,3.0,14.0,0.0,0.0,0.0,4.0
Taco Bell,Spicy Sweet Double Stacked Taco,340.0,160.0,18.0,7.0,0.0,35.0,640.0,32.0,4.0,6.0,12.0,10.0,2.0,15.0,3.5294117647058822
Taco Bell,Cool Ranch Habanero Double Stacked Taco,350.0,180.0,20.0,8.0,0.5,40.0,630.0,30.0,4.0,3.0,13.0,15.0,2.0,20.0,3.7142857142857144
Taco Bell,Nacho Crunch Double Stacked Taco,380.0,170.0,19.0,6.0,0.0,35.0,650.0,39.0,5.0,2.0,13.0,8.0,2.0,20.0,3.421052631578948
Taco Bell,Fiery Doritos® Double Decker® Taco,320.0,120.0,13.0,5.0,0.0,25.0,770.0,36.0,7.0,2.0,14.0,0.0,0.0,0.0,4.375
Taco Bell,Fiery Doritos® Locos Taco,170.0,90.0,10.0,3.5,0.0,25.0,370.0,12.0,3.0,1.0,8.0,0.0,0.0,0.0,4.705882352941177
Taco Bell,Fiery Doritos® Locos Taco Supreme,200.0,110.0,12.0,5.0,0.0,30.0,390.0,15.0,3.0,2.0,9.0,0.0,0.0,0.0,4.5
Taco Bell,Grilled Steak Soft Taco,250.0,130.0,14.0,4.0,0.0,30.0,550.0,19.0,2.0,2.0,11.0,0.0,0.0,0.0,4.3999999999999995
Taco Bell,Nacho Cheese Doritos® Double Decker® Taco,320.0,120.0,13.0,5.0,0.0,25.0,760.0,36.0,7.0,2.0,14.0,0.0,0.0,0.0,4.375
Taco Bell,Nacho Cheese Doritos® Locos Tacos,170.0,80.0,9.0,4.0,0.0,25.0,340.0,13.0,2.0,1.0,8.0,0.0,0.0,0.0,4.705882352941177
Taco Bell,Nacho Cheese Doritos® Locos Tacos Supreme,200.0,100.0,11.0,5.0,0.0,35.0,370.0,15.0,3.0,2.0,9.0,0.0,0.0,0.0,4.5
Taco Bell,Soft Taco Supreme® – Beef,230.0,100.0,11.0,5.0,0.0,35.0,530.0,22.0,3.0,3.0,10.0,0.0,0.0,0.0,4.3478260869565215
Taco Bell,Soft Taco-Beef,200.0,80.0,9.0,4.0,0.0,25.0,510.0,19.0,3.0,1.0,10.0,0.0,0.0,0.0,5.0
Taco Bell,Spicy Potato Soft Taco,250.0,120.0,13.0,3.0,0.0,10.0,510.0,28.0,3.0,1.0,6.0,0.0,0.0,0.0,2.4
Taco Bell,Chalupa Supreme® - Chicken,340.0,160.0,18.0,4.0,0.0,40.0,530.0,29.0,3.0,4.0,16.0,0.0,0.0,0.0,4.705882352941177
Taco Bell,Chalupa Supreme® - Steak,340.0,170.0,18.0,4.0,0.0,30.0,570.0,29.0,3.0,4.0,14.0,0.0,0.0,0.0,4.117647058823529
Taco Bell,Chalupa Supreme®–Beef,370.0,190.0,21.0,5.0,0.0,30.0,570.0,31.0,4.0,4.0,13.0,0.0,0.0,0.0,3.5135135135135136
Taco Bell,Double Chalupa,600.0,310.0,35.0,8.0,0.5,50.0,1010.0,50.0,6.0,5.0,21.0,15.0,4.0,15.0,3.5000000000000004
Taco Bell,Wild Naked Chicken Chalupa,420.0,250.0,28.0,6.0,0.0,65.0,1070.0,23.0,4.0,2.0,19.0,6.0,4.0,6.0,4.523809523809524
Taco Bell,Mild Naked Chicken Chalupa,440.0,270.0,30.0,7.0,0.0,70.0,1090.0,22.0,3.0,1.0,20.0,6.0,4.0,6.0,4.545454545454546
Taco Bell,Spicy Double Chalupa,600.0,310.0,35.0,8.0,0.5,50.0,1240.0,52.0,7.0,5.0,21.0,15.0,8.0,15.0,3.5000000000000004
Taco Bell,Fresco Bean Burrito,350.0,80.0,9.0,3.0,0.0,0.0,950.0,57.0,9.0,3.0,11.0,0.0,0.0,0.0,3.1428571428571432
Taco Bell,Fresco Burrito Supreme® – Chicken,340.0,80.0,8.0,3.0,0.0,25.0,1020.0,50.0,7.0,4.0,17.0,0.0,0.0,0.0,5.0
Taco Bell,Fresco Burrito Supreme® – Steak,340.0,80.0,9.0,3.0,0.0,15.0,1060.0,50.0,7.0,4.0,15.0,0.0,0.0,0.0,4.411764705882353
Taco Bell,Fresco Chicken Soft Taco,150.0,35.0,4.0,1.0,0.0,25.0,460.0,18.0,2.0,2.0,11.0,0.0,0.0,0.0,7.333333333333333
Taco Bell,Fresco Crunchy Taco,140.0,70.0,8.0,2.0,0.0,20.0,290.0,13.0,3.0,1.0,6.0,0.0,0.0,0.0,4.285714285714286
Taco Bell,Fresco Grilled Steak Soft Taco,150.0,35.0,4.0,2.0,0.0,15.0,500.0,19.0,2.0,2.0,9.0,0.0,0.0,0.0,6.0
Taco Bell,Fresco Soft Taco,170.0,60.0,7.0,3.0,0.0,20.0,500.0,20.0,3.0,2.0,8.0,0.0,0.0,0.0,4.705882352941177
Taco Bell,Cheesy Gordita Crunch,490.0,260.0,29.0,10.0,1.0,55.0,810.0,39.0,5.0,6.0,20.0,0.0,0.0,0.0,4.081632653061225
Taco Bell,Doritos® Cheesy Gordita Crunch - Cool Ranch,490.0,250.0,28.0,10.0,1.0,55.0,890.0,40.0,5.0,5.0,20.0,0.0,0.0,0.0,4.081632653061225
Taco Bell,Doritos® Cheesy Gordita Crunch - Fiery,490.0,250.0,28.0,10.0,1.0,55.0,890.0,40.0,5.0,4.0,20.0,0.0,0.0,0.0,4.081632653061225
Taco Bell,Doritos® Cheesy Gordita Crunch - Nacho Cheese,490.0,250.0,28.0,10.0,1.0,55.0,880.0,40.0,5.0,5.0,20.0,0.0,0.0,0.0,4.081632653061225
Taco Bell,Double Cheesy Gordita Crunch,570.0,290.0,32.0,12.0,1.0,70.0,1110.0,44.0,7.0,5.0,25.0,15.0,2.0,30.0,4.385964912280701
Taco Bell,Gordita Supreme® – Beef,300.0,120.0,14.0,5.0,0.0,30.0,550.0,31.0,4.0,6.0,13.0,0.0,0.0,0.0,4.333333333333334
Taco Bell,Gordita Supreme® - Chicken,270.0,90.0,10.0,4.0,0.0,40.0,510.0,29.0,2.0,6.0,16.0,0.0,0.0,0.0,5.9259259259259265
Taco Bell,Gordita Supreme® - Steak,270.0,90.0,11.0,4.0,0.0,30.0,550.0,29.0,2.0,6.0,14.0,0.0,0.0,0.0,5.185185185185185
Taco Bell,Nacho Fries Bellgrande,710.0,360.0,41.0,6.0,0.0,30.0,1420.0,73.0,10.0,4.0,13.0,10.0,4.0,8.0,1.8309859154929577
Taco Bell,Nachos BellGrande®,760.0,360.0,39.0,6.0,0.0,30.0,1100.0,82.0,13.0,5.0,18.0,0.0,0.0,0.0,2.368421052631579
Taco Bell,Nachos Supreme,430.0,210.0,23.0,5.0,0.0,30.0,690.0,44.0,7.0,3.0,12.0,0.0,0.0,0.0,2.7906976744186047
Taco Bell,Triple Layer Nachos,320.0,140.0,15.0,1.5,0.0,0.0,600.0,41.0,6.0,2.0,7.0,0.0,0.0,0.0,2.1875
Taco Bell,Triple Melt Nachos,260.0,140.0,16.0,4.5,0.0,30.0,550.0,19.0,3.0,1.0,10.0,6.0,0.0,10.0,3.8461538461538463
Taco Bell,Beefy Cheddar Crunchwrap Slider,410.0,170.0,19.0,6.0,0.0,25.0,960.0,46.0,4.0,3.0,14.0,0.0,0.0,0.0,3.414634146341464
Taco Bell,Beefy Mini Quesadilla,210.0,110.0,12.0,4.0,0.0,25.0,560.0,17.0,3.0,1.0,9.0,0.0,0.0,0.0,4.285714285714286
Taco Bell,Beefy Nacho Griller,420.0,170.0,19.0,4.5,0.0,20.0,870.0,49.0,5.0,3.0,12.0,0.0,0.0,0.0,2.857142857142857
Taco Bell,BLT Crunchwrap Slider,430.0,210.0,23.0,5.0,0.0,20.0,900.0,43.0,3.0,4.0,12.0,0.0,0.0,0.0,2.7906976744186047
Taco Bell,Cantina Power Bowl - Chicken,560.0,200.0,22.0,4.0,0.0,60.0,1520.0,64.0,9.0,4.0,26.0,0.0,0.0,0.0,4.642857142857143
Taco Bell,Cantina Power Bowl - Steak,580.0,210.0,23.0,4.0,0.0,50.0,1460.0,66.0,10.0,4.0,27.0,0.0,0.0,0.0,4.655172413793104
Taco Bell,Cantina Power Bowl - Veggie,540.0,190.0,21.0,3.0,0.0,10.0,1310.0,75.0,14.0,4.0,14.0,0.0,0.0,0.0,2.5925925925925926
Taco Bell,Cheese Quesadilla,480.0,240.0,27.0,11.0,1.0,50.0,1000.0,40.0,4.0,3.0,19.0,0.0,0.0,0.0,3.958333333333333
Taco Bell,Cheese Roll-Up,190.0,80.0,9.0,5.0,0.0,20.0,450.0,18.0,2.0,1.0,9.0,0.0,0.0,0.0,4.736842105263158
Taco Bell,Chicken Quesadilla,520.0,250.0,28.0,12.0,1.0,75.0,1210.0,41.0,4.0,3.0,27.0,0.0,0.0,0.0,5.1923076923076925
Taco Bell,Chickstar,620.0,340.0,37.0,8.0,0.0,50.0,1290.0,53.0,4.0,4.0,17.0,8.0,6.0,15.0,2.741935483870968
Taco Bell,Chipotle Crispy Chicken Griller,290.0,170.0,18.0,3.0,0.0,25.0,640.0,22.0,1.0,1.0,9.0,0.0,0.0,0.0,3.103448275862069
Taco Bell,Crispy Chicken Quesadilla,650.0,340.0,37.0,13.0,0.5,75.0,1480.0,51.0,5.0,3.0,26.0,10.0,2.0,45.0,4.0
Taco Bell,Crunchwrap Supreme®,540.0,190.0,21.0,6.0,0.0,30.0,1110.0,71.0,7.0,7.0,16.0,0.0,0.0,0.0,2.9629629629629632
Taco Bell,Double Tostada,270.0,100.0,11.0,4.0,0.0,15.0,650.0,32.0,8.0,2.0,12.0,0.0,0.0,0.0,4.444444444444445
Taco Bell,Express Taco Salad w/ Chips,580.0,260.0,29.0,9.0,1.0,60.0,1270.0,59.0,8.0,7.0,23.0,0.0,0.0,0.0,3.9655172413793105
Taco Bell,Loaded Potato Griller,470.0,200.0,22.0,6.0,0.0,25.0,1120.0,55.0,4.0,5.0,13.0,0.0,0.0,0.0,2.7659574468085104
Taco Bell,Mexican Pizza,540.0,270.0,31.0,8.0,1.0,40.0,860.0,47.0,7.0,2.0,20.0,0.0,0.0,0.0,3.7037037037037033
Taco Bell,MexiMelt®,270.0,130.0,14.0,7.0,1.0,40.0,740.0,21.0,3.0,2.0,14.0,0.0,0.0,0.0,5.185185185185185
Taco Bell,Steak Quesalupa,440.0,210.0,23.0,10.0,0.5,60.0,840.0,36.0,3.0,3.0,22.0,15.0,6.0,35.0,5.0
Taco Bell,Chicken Quesalupa,440.0,200.0,23.0,10.0,0.5,60.0,840.0,37.0,3.0,3.0,22.0,15.0,8.0,35.0,5.0
Taco Bell,Beef Quesalupa,460.0,240.0,26.0,11.0,1.0,50.0,890.0,38.0,4.0,3.0,19.0,15.0,6.0,35.0,4.130434782608695
Taco Bell,Shredded Chicken Mini Quesadilla,180.0,70.0,8.0,2.5,0.0,25.0,540.0,15.0,2.0,1.0,12.0,0.0,0.0,0.0,6.666666666666667
Taco Bell,Spicy Chicken Crunchwrap Slider,400.0,180.0,20.0,4.0,0.0,25.0,900.0,42.0,3.0,3.0,15.0,0.0,0.0,0.0,3.75
Taco Bell,Spicy Tostada,200.0,90.0,10.0,2.5,0.0,10.0,440.0,22.0,4.0,1.0,7.0,0.0,0.0,0.0,3.5000000000000004
Taco Bell,Stacker,390.0,170.0,18.0,8.0,0.5,40.0,1050.0,39.0,4.0,3.0,18.0,8.0,2.0,30.0,4.615384615384616
Taco Bell,Steak Quesadilla,520.0,250.0,28.0,12.0,1.0,65.0,1250.0,41.0,4.0,3.0,25.0,0.0,0.0,0.0,4.807692307692308
Taco Bell,Original Triple Double Crunchwrap,700.0,270.0,30.0,9.0,0.5,45.0,1550.0,85.0,9.0,7.0,23.0,15.0,6.0,25.0,3.2857142857142856
Taco Bell,Spicy Triple Double Crunchwrap,780.0,340.0,38.0,10.0,0.5,50.0,1850.0,87.0,9.0,8.0,23.0,20.0,10.0,25.0,2.9487179487179485
Taco Bell,Fiesta Taco Salad-Beef,780.0,380.0,42.0,10.0,1.0,60.0,1340.0,74.0,11.0,7.0,26.0,0.0,0.0,0.0,3.3333333333333335
Taco Bell,Fiesta Taco Salad-Chicken,720.0,320.0,35.0,7.0,0.0,70.0,1260.0,70.0,8.0,8.0,32.0,0.0,0.0,0.0,4.444444444444445
Taco Bell,Fiesta Taco Salad-Steak,720.0,320.0,36.0,8.0,1.0,55.0,1340.0,70.0,8.0,8.0,28.0,0.0,0.0,0.0,3.888888888888889
